time,avg_queue,total_queue,icp,sas,ev_count,ev_speed,gwsr,cvdi
1.0,0.08333333333333333,1.0,0.0004166666666666667,1.0,0,0.0,0.0,0.0
2.0,0.0,0.0,0.0,1.0,0,0.0,0.0,0.0
3.0,0.0,0.0,0.0,1.0,0,0.0,0.0,0.0
4.0,0.0,0.0,0.0,1.0,0,0.0,0.0,0.0
5.0,0.0,0.0,0.0,1.0,0,0.0,0.0,0.0
6.0,0.0,0.0,0.0,1.0,0,0.0,0.0,0.0
7.0,0.0,0.0,0.0,1.0,0,0.0,0.0,0.0
8.0,0.0,0.0,0.0,1.0,0,0.0,0.0,0.0
9.0,0.0,0.0,0.0,1.0,0,0.0,0.0,0.0
10.0,0.0,0.0,0.0,1.0,0,0.0,0.0,0.0
11.0,0.0,0.0,0.0,1.0,1,15.279000000000002,1.0,0.0
12.0,0.0,0.0,0.0,1.0,1,15.279000000000002,1.0,0.0
13.0,0.08333333333333333,1.0,0.0004166666666666667,1.0,1,15.279000000000002,1.0,0.0
14.0,0.0,0.0,0.0,1.0,1,15.279000000000002,1.0,0.0
15.0,0.0,0.0,0.0,1.0,1,15.279000000000002,1.0,0.0
16.0,0.0,0.0,0.0,1.0,1,15.279000000000002,1.0,0.0
17.0,0.0,0.0,0.0,1.0,1,15.279000000000002,1.0,0.0
18.0,0.0,0.0,0.0,1.0,1,15.279000000000002,1.0,0.0
19.0,0.0,0.0,0.0,1.0,1,15.279000000000002,1.0,0.0
20.0,0.0,0.0,0.0,1.0,1,15.279000000000002,1.0,0.0
21.0,0.0,0.0,0.0,1.0,1,15.279000000000002,1.0,0.0
22.0,0.08333333333333333,1.0,0.0004166666666666667,1.0,1,15.279000000000002,1.0,0.03125
23.0,0.08333333333333333,1.0,0.0004166666666666667,1.0,1,15.279000000000002,1.0,0.08823529411764706
24.0,0.08333333333333333,1.0,0.0004166666666666667,1.0,1,15.279000000000002,1.0,0.16666666666666666
25.0,0.16666666666666666,2.0,0.0008333333333333334,1.0,1,15.279000000000002,1.0,0.2564102564102564
26.0,0.08333333333333333,1.0,0.0004166666666666667,1.0,1,15.279000000000002,1.0,0.35714285714285715
27.0,0.08333333333333333,1.0,0.0004166666666666667,1.0,1,15.279000000000002,1.0,0.4666666666666667
28.0,0.08333333333333333,1.0,0.0004166666666666667,1.0,1,15.279000000000002,1.0,0.5833333333333334
29.0,0.08333333333333333,1.0,0.0004166666666666667,1.0,1,15.279000000000002,1.0,0.7058823529411765
30.0,0.08333333333333333,1.0,0.0004166666666666667,1.0,1,15.279000000000002,1.0,0.8333333333333334
31.0,0.08333333333333333,1.0,0.0004166666666666667,1.0,1,15.279000000000002,1.0,0.9649122807017544
32.0,0.16666666666666666,2.0,0.0008333333333333334,1.0,1,15.279000000000002,1.0,1.1166666666666667
33.0,0.16666666666666666,2.0,0.0008333333333333334,1.0,1,15.279000000000002,1.0,1.2857142857142858
34.0,0.16666666666666666,2.0,0.0008333333333333334,1.0,1,15.279000000000002,1.0,1.4696969696969697
35.0,0.16666666666666666,2.0,0.0008333333333333334,1.0,1,15.279000000000002,1.0,1.6666666666666667
36.0,0.16666666666666666,2.0,0.0008333333333333334,1.0,1,15.279000000000002,1.0,1.875
37.0,0.25,3.0,0.00125,1.0,1,15.279000000000002,1.0,2.0657894736842106
38.0,0.16666666666666666,2.0,0.0008333333333333334,1.0,1,15.279000000000002,1.0,2.2625
39.0,0.16666666666666666,2.0,0.0008333333333333334,1.0,1,15.279000000000002,1.0,2.4642857142857144
40.0,0.16666666666666666,2.0,0.0008333333333333334,1.0,1,15.279000000000002,1.0,2.6704545454545454
41.0,0.16666666666666666,2.0,0.0008333333333333334,1.0,1,15.279000000000002,1.0,2.880434782608696
42.0,0.16666666666666666,2.0,0.0008333333333333334,1.0,1,15.279000000000002,1.0,3.09375
43.0,0.16666666666666666,2.0,0.0008333333333333334,1.0,1,15.279000000000002,1.0,3.31
44.0,0.16666666666666666,2.0,0.0008333333333333334,1.0,1,15.279000000000002,1.0,3.5288461538461537
45.0,0.16666666666666666,2.0,0.0008333333333333334,1.0,1,15.279000000000002,1.0,3.75
46.0,0.16666666666666666,2.0,0.0008333333333333334,1.0,1,15.279000000000002,1.0,3.9732142857142856
47.0,0.16666666666666666,2.0,0.0008333333333333334,1.0,1,15.279000000000002,1.0,4.198275862068965
48.0,0.16666666666666666,2.0,0.0008333333333333334,1.0,1,15.279000000000002,1.0,4.425
49.0,0.3333333333333333,4.0,0.0016666666666666668,1.0,1,14.356000000000002,1.0,4.616
50.0,0.16666666666666666,2.0,0.0008333333333333334,1.0,1,9.856000000000002,1.0,4.8076923076923075
51.0,0.16666666666666666,2.0,0.0008333333333333334,1.0,1,9.856000000000002,1.0,5.0
52.0,0.16666666666666666,2.0,0.0008333333333333334,1.0,1,9.856000000000002,1.0,5.192857142857143
53.0,0.16666666666666666,2.0,0.0008333333333333334,1.0,1,12.856000000000002,1.0,5.386206896551724
54.0,0.16666666666666666,2.0,0.0008333333333333334,1.0,1,15.279000000000002,1.0,5.58
55.0,0.16666666666666666,2.0,0.0008333333333333334,1.0,1,15.279000000000002,1.0,5.774193548387097
56.0,0.16666666666666666,2.0,0.0008333333333333334,1.0,1,15.279000000000002,1.0,5.96875
57.0,0.16666666666666666,2.0,0.0008333333333333334,1.0,1,15.279000000000002,1.0,6.163636363636364
58.0,0.3333333333333333,4.0,0.0016666666666666668,1.0,1,15.279000000000002,1.0,6.364705882352941
59.0,0.3333333333333333,4.0,0.0016666666666666668,1.0,1,15.279000000000002,1.0,6.571428571428571
60.0,0.3333333333333333,4.0,0.0016666666666666668,1.0,1,15.279000000000002,1.0,6.783333333333333
61.0,0.5,6.0,0.0025,1.0,1,15.279000000000002,1.0,6.967741935483871
62.0,0.5,6.0,0.0025,1.0,1,15.279000000000002,1.0,7.161458333333333
63.0,0.5,6.0,0.0025,1.0,1,15.279000000000002,1.0,7.363636363636363
64.0,0.5,6.0,0.0025,1.0,1,15.279000000000002,1.0,7.725
65.0,0.5,6.0,0.0025,1.0,1,15.279000000000002,1.0,8.18
66.0,0.5,6.0,0.0025,1.0,1,15.279000000000002,1.0,8.655
67.0,0.5,6.0,0.0025,1.0,1,15.279000000000002,1.0,9.15
68.0,0.3333333333333333,4.0,0.0016666666666666668,1.0,1,15.279000000000002,1.0,9.61
69.0,0.3333333333333333,4.0,0.0016666666666666668,1.0,1,15.279000000000002,1.0,10.07
70.0,0.3333333333333333,4.0,0.0016666666666666668,1.0,1,15.279000000000002,1.0,10.5
71.0,0.3333333333333333,4.0,0.0016666666666666668,1.0,1,15.279000000000002,1.0,10.94
72.0,0.3333333333333333,4.0,0.0016666666666666668,1.0,1,15.279000000000002,1.0,11.375
73.0,0.4166666666666667,5.0,0.0020833333333333333,1.0,1,15.279000000000002,1.0,11.8
74.0,0.3333333333333333,4.0,0.0016666666666666668,1.0,1,15.279000000000002,1.0,12.2
75.0,0.3333333333333333,4.0,0.0016666666666666668,1.0,1,15.279000000000002,1.0,12.495
76.0,0.3333333333333333,4.0,0.0016666666666666668,1.0,1,15.279000000000002,1.0,12.925
77.0,0.3333333333333333,4.0,0.0016666666666666668,1.0,1,15.279000000000002,1.0,13.25
78.0,0.3333333333333333,4.0,0.0016666666666666668,1.0,1,15.279000000000002,1.0,13.55
79.0,0.16666666666666666,2.0,0.0008333333333333334,1.0,1,15.279000000000002,1.0,13.795
80.0,0.16666666666666666,2.0,0.0008333333333333334,1.0,1,15.279000000000002,1.0,14.08
81.0,0.16666666666666666,2.0,0.0008333333333333334,1.0,1,15.279000000000002,1.0,14.22
82.0,0.16666666666666666,2.0,0.0008333333333333334,1.0,1,15.279000000000002,1.0,14.33
83.0,0.16666666666666666,2.0,0.0008333333333333334,1.0,1,15.279000000000002,1.0,14.66
84.0,0.16666666666666666,2.0,0.0008333333333333334,1.0,1,15.279000000000002,1.0,14.835
85.0,0.3333333333333333,4.0,0.0016666666666666668,1.0,1,15.279000000000002,1.0,15.05
86.0,0.16666666666666666,2.0,0.0008333333333333334,1.0,1,15.279000000000002,1.0,15.08
87.0,0.3333333333333333,4.0,0.0016666666666666668,1.0,1,15.279000000000002,1.0,15.395
88.0,0.16666666666666666,2.0,0.0008333333333333334,1.0,1,15.279000000000002,1.0,15.385
89.0,0.16666666666666666,2.0,0.0008333333333333334,1.0,1,15.279000000000002,1.0,15.475
90.0,0.16666666666666666,2.0,0.0008333333333333334,1.0,0,0.0,1.0,15.58
91.0,0.16666666666666666,2.0,0.0008333333333333334,1.0,0,0.0,1.0,15.835
92.0,0.3333333333333333,4.0,0.0016666666666666668,1.0,0,0.0,1.0,15.705
93.0,0.3333333333333333,4.0,0.0016666666666666668,1.0,0,0.0,1.0,15.875
94.0,0.3333333333333333,4.0,0.0016666666666666668,1.0,0,0.0,1.0,16.095
95.0,0.3333333333333333,4.0,0.0016666666666666668,1.0,0,0.0,1.0,15.89
96.0,0.3333333333333333,4.0,0.0016666666666666668,1.0,0,0.0,1.0,16.1
97.0,0.16666666666666666,2.0,0.0008333333333333334,1.0,0,0.0,1.0,16.07
98.0,0.16666666666666666,2.0,0.0008333333333333334,1.0,0,0.0,1.0,16.015
99.0,0.3333333333333333,4.0,0.0016666666666666668,1.0,0,0.0,1.0,16.215
100.0,0.3333333333333333,4.0,0.0016666666666666668,1.0,0,0.0,1.0,15.925
101.0,0.3333333333333333,4.0,0.0016666666666666668,1.0,0,0.0,1.0,16.035
102.0,0.3333333333333333,4.0,0.0016666666666666668,1.0,0,0.0,1.0,16.22
103.0,0.3333333333333333,4.0,0.0016666666666666668,1.0,0,0.0,1.0,16.115
104.0,0.5,6.0,0.0025,1.0,0,0.0,1.0,16.15
105.0,0.5,6.0,0.0025,1.0,0,0.0,1.0,16.435
106.0,0.5,6.0,0.0025,1.0,0,0.0,1.0,16.73
107.0,0.6666666666666666,8.0,0.0033333333333333335,1.0,0,0.0,1.0,16.46
108.0,0.8333333333333334,10.0,0.004166666666666667,1.0,0,0.0,1.0,16.78
109.0,1.0,12.0,0.005,1.0,0,0.0,1.0,17.12
110.0,0.8333333333333334,10.0,0.004166666666666667,1.0,0,0.0,1.0,17.475
111.0,0.8333333333333334,10.0,0.004166666666666667,1.0,0,0.0,1.0,17.225
112.0,0.6666666666666666,8.0,0.0033333333333333335,1.0,0,0.0,1.0,17.585
113.0,0.6666666666666666,8.0,0.0033333333333333335,1.0,0,0.0,1.0,17.96
114.0,0.6666666666666666,8.0,0.0033333333333333335,1.0,0,0.0,1.0,18.345
115.0,0.8333333333333334,10.0,0.004166666666666667,1.0,0,0.0,1.0,18.065
116.0,1.0,12.0,0.005,1.0,0,0.0,1.0,18.475
117.0,1.0,12.0,0.005,1.0,0,0.0,1.0,18.905
118.0,1.0,12.0,0.005,1.0,0,0.0,1.0,19.355
119.0,1.0,12.0,0.005,1.0,0,0.0,1.0,19.855
120.0,1.0,12.0,0.005,1.0,0,0.0,1.0,19.98
121.0,1.1666666666666667,14.0,0.005833333333333334,1.0,0,0.0,1.0,20.15
122.0,1.0,12.0,0.005,1.0,0,0.0,1.0,20.695
123.0,1.0,12.0,0.005,1.0,0,0.0,1.0,21.26
124.0,1.0,12.0,0.005,1.0,0,0.0,1.0,21.84
125.0,1.0,12.0,0.005,1.0,0,0.0,1.0,21.635
126.0,1.0,12.0,0.005,1.0,0,0.0,1.0,22.185
127.0,1.0,12.0,0.005,1.0,0,0.0,1.0,22.78
128.0,1.0,12.0,0.005,1.0,0,0.0,1.0,23.35
129.0,1.0,12.0,0.005,1.0,0,0.0,1.0,23.95
130.0,1.0,12.0,0.005,1.0,0,0.0,1.0,24.555
131.0,1.0,12.0,0.005,1.0,0,0.0,1.0,24.735
132.0,1.0,12.0,0.005,1.0,0,0.0,1.0,24.965
133.0,1.1666666666666667,14.0,0.005833333333333334,1.0,0,0.0,1.0,25.53
134.0,1.0,12.0,0.005,1.0,0,0.0,1.0,26.12
135.0,1.0,12.0,0.005,1.0,0,0.0,1.0,26.685
136.0,1.0,12.0,0.005,1.0,0,0.0,1.0,27.315
137.0,1.0,12.0,0.005,1.0,0,0.0,1.0,27.005
138.0,1.0,12.0,0.005,1.0,0,0.0,1.0,27.51
139.0,1.0,12.0,0.005,1.0,0,0.0,1.0,28.09
140.0,1.0,12.0,0.005,1.0,0,0.0,1.0,28.62
141.0,1.0,12.0,0.005,1.0,0,0.0,1.0,29.175
142.0,1.0,12.0,0.005,1.0,0,0.0,1.0,29.775
143.0,1.0,12.0,0.005,1.0,0,0.0,1.0,30.26
144.0,1.0,12.0,0.005,1.0,0,0.0,1.0,30.855
145.0,1.0,12.0,0.005,1.0,0,0.0,1.0,30.91
146.0,1.0,12.0,0.005,1.0,0,0.0,1.0,31.005
147.0,1.0,12.0,0.005,1.0,0,0.0,1.0,31.345
148.0,1.0,12.0,0.005,1.0,0,0.0,1.0,31.705
149.0,1.0,12.0,0.005,1.0,0,0.0,1.0,32.27
150.0,1.0,12.0,0.005,1.0,0,0.0,1.0,32.68
151.0,1.0,12.0,0.005,1.0,0,0.0,1.0,33.24
152.0,1.0,12.0,0.005,1.0,0,0.0,1.0,33.8
153.0,1.0,12.0,0.005,1.0,0,0.0,1.0,33.775
154.0,1.0,12.0,0.005,1.0,0,0.0,1.0,33.79
155.0,1.0,12.0,0.005,1.0,0,0.0,1.0,34.34
156.0,1.0,12.0,0.005,1.0,0,0.0,1.0,34.89
157.0,1.1666666666666667,14.0,0.005833333333333334,1.0,0,0.0,1.0,34.615
158.0,1.0,12.0,0.005,1.0,0,0.0,1.0,34.36
159.0,1.0,12.0,0.005,1.0,0,0.0,1.0,34.215
160.0,1.0,12.0,0.005,1.0,0,0.0,1.0,34.27
161.0,1.0,12.0,0.005,1.0,0,0.0,1.0,34.325
162.0,1.0,12.0,0.005,1.0,0,0.0,1.0,33.745
163.0,1.0,12.0,0.005,1.0,0,0.0,1.0,33.205
164.0,1.0,12.0,0.005,1.0,0,0.0,1.0,33.25
165.0,1.0,12.0,0.005,1.0,0,0.0,1.0,33.295
166.0,1.0,12.0,0.005,1.0,0,0.0,1.0,33.34
167.0,0.8333333333333334,10.0,0.004166666666666667,1.0,0,0.0,1.0,33.055
168.0,0.8333333333333334,10.0,0.004166666666666667,1.0,0,0.0,1.0,32.84
169.0,1.0,12.0,0.005,1.0,0,0.0,1.0,32.365
170.0,0.9166666666666666,11.0,0.004583333333333333,1.0,0,0.0,1.0,32.06
171.0,0.9166666666666666,11.0,0.004583333333333333,1.0,0,0.0,1.0,32.485
172.0,1.0833333333333333,13.0,0.005416666666666667,1.0,0,0.0,1.0,32.915
173.0,1.0833333333333333,13.0,0.005416666666666667,1.0,0,0.0,1.0,32.655
174.0,1.0833333333333333,13.0,0.005416666666666667,1.0,0,0.0,1.0,32.44
175.0,1.0833333333333333,13.0,0.005416666666666667,1.0,0,0.0,1.0,32.845
176.0,1.25,15.0,0.00625,1.0,0,0.0,1.0,33.285
177.0,1.25,15.0,0.00625,1.0,0,0.0,1.0,33.735
178.0,1.0833333333333333,13.0,0.005416666666666667,1.0,0,0.0,1.0,34.085
179.0,1.0833333333333333,13.0,0.005416666666666667,1.0,0,0.0,1.0,34.1
180.0,1.0833333333333333,13.0,0.005416666666666667,1.0,0,0.0,1.0,34.455
181.0,1.25,15.0,0.00625,1.0,0,0.0,1.0,34.295
182.0,1.0833333333333333,13.0,0.005416666666666667,1.0,0,0.0,1.0,34.71
183.0,1.0833333333333333,13.0,0.005416666666666667,1.0,0,0.0,1.0,35.13
184.0,1.0833333333333333,13.0,0.005416666666666667,1.0,0,0.0,1.0,35.84
185.0,1.0833333333333333,13.0,0.005416666666666667,1.0,0,0.0,1.0,36.6
186.0,1.0833333333333333,13.0,0.005416666666666667,1.0,0,0.0,1.0,37.04
187.0,1.0833333333333333,13.0,0.005416666666666667,1.0,0,0.0,1.0,37.86
188.0,1.0833333333333333,13.0,0.005416666666666667,1.0,0,0.0,1.0,38.305
189.0,1.25,15.0,0.00625,1.0,0,0.0,1.0,38.755
190.0,1.25,15.0,0.00625,1.0,0,0.0,1.0,39.205
191.0,1.25,15.0,0.00625,1.0,0,0.0,1.0,39.81
192.0,1.4166666666666667,17.0,0.007083333333333333,1.0,0,0.0,1.0,40.385
193.0,1.5833333333333333,19.0,0.007916666666666667,1.0,0,0.0,1.0,40.97
194.0,1.4166666666666667,17.0,0.007083333333333333,1.0,0,0.0,1.0,41.565
195.0,1.4166666666666667,17.0,0.007083333333333333,1.0,0,0.0,1.0,42.925
196.0,1.4166666666666667,17.0,0.007083333333333333,1.0,0,0.0,1.0,43.545
197.0,1.4166666666666667,17.0,0.007083333333333333,1.0,0,0.0,1.0,44.175
198.0,1.4166666666666667,17.0,0.007083333333333333,1.0,0,0.0,1.0,44.045
199.0,1.4166666666666667,17.0,0.007083333333333333,1.0,0,0.0,1.0,44.69
200.0,1.4166666666666667,17.0,0.007083333333333333,1.0,0,0.0,1.0,45.255
201.0,1.4166666666666667,17.0,0.007083333333333333,1.0,0,0.0,1.0,45.915
202.0,1.4166666666666667,17.0,0.007083333333333333,1.0,0,0.0,1.0,46.515
203.0,1.4166666666666667,17.0,0.007083333333333333,1.0,0,0.0,1.0,47.175
204.0,1.4166666666666667,17.0,0.007083333333333333,1.0,0,0.0,1.0,47.845
205.0,1.5833333333333333,19.0,0.007916666666666667,1.0,0,0.0,1.0,48.05
206.0,1.4166666666666667,17.0,0.007083333333333333,1.0,0,0.0,1.0,48.29
207.0,1.4166666666666667,17.0,0.007083333333333333,1.0,0,0.0,1.0,48.555
208.0,1.4166666666666667,17.0,0.007083333333333333,1.0,0,0.0,1.0,49.195
209.0,1.4166666666666667,17.0,0.007083333333333333,1.0,0,0.0,1.0,49.725
210.0,1.4166666666666667,17.0,0.007083333333333333,1.0,0,0.0,1.0,49.49
211.0,1.4166666666666667,17.0,0.007083333333333333,1.0,0,0.0,1.0,50.135
212.0,1.4166666666666667,17.0,0.007083333333333333,1.0,0,0.0,1.0,50.78
213.0,1.4166666666666667,17.0,0.007083333333333333,1.0,0,0.0,1.0,51.425
214.0,1.4166666666666667,17.0,0.007083333333333333,1.0,0,0.0,1.0,52.07
215.0,1.4166666666666667,17.0,0.007083333333333333,1.0,0,0.0,1.0,52.715
216.0,1.5833333333333333,19.0,0.007916666666666667,1.0,0,0.0,1.0,53.365
217.0,1.6666666666666667,20.0,0.008333333333333333,1.0,0,0.0,1.0,53.15
218.0,1.5833333333333333,19.0,0.007916666666666667,1.0,0,0.0,1.0,53.805
219.0,1.5833333333333333,19.0,0.007916666666666667,1.0,0,0.0,1.0,54.465
220.0,1.5833333333333333,19.0,0.007916666666666667,1.0,0,0.0,1.0,55.13
221.0,1.5833333333333333,19.0,0.007916666666666667,1.0,0,0.0,1.0,55.8
222.0,1.5833333333333333,19.0,0.007916666666666667,1.0,0,0.0,1.0,56.475
223.0,1.4166666666666667,17.0,0.007083333333333333,1.0,0,0.0,1.0,56.98
224.0,1.4166666666666667,17.0,0.007083333333333333,1.0,0,0.0,1.0,57.27
225.0,1.4166666666666667,17.0,0.007083333333333333,1.0,0,0.0,1.0,57.77
226.0,1.4166666666666667,17.0,0.007083333333333333,1.0,0,0.0,1.0,58.075
227.0,1.4166666666666667,17.0,0.007083333333333333,1.0,0,0.0,1.0,58.435
228.0,1.4166666666666667,17.0,0.007083333333333333,1.0,0,0.0,1.0,58.925
229.0,1.4166666666666667,17.0,0.007083333333333333,1.0,0,0.0,1.0,59.41
230.0,1.4166666666666667,17.0,0.007083333333333333,1.0,0,0.0,1.0,59.89
231.0,1.4166666666666667,17.0,0.007083333333333333,1.0,0,0.0,1.0,59.76
232.0,1.4166666666666667,17.0,0.007083333333333333,1.0,0,0.0,1.0,60.2
233.0,1.4166666666666667,17.0,0.007083333333333333,1.0,0,0.0,1.0,60.085
234.0,1.4166666666666667,17.0,0.007083333333333333,1.0,0,0.0,1.0,59.99
235.0,1.4166666666666667,17.0,0.007083333333333333,1.0,0,0.0,1.0,60.44
236.0,1.4166666666666667,17.0,0.007083333333333333,1.0,0,0.0,1.0,60.78
237.0,1.4166666666666667,17.0,0.007083333333333333,1.0,0,0.0,1.0,60.355
238.0,1.4166666666666667,17.0,0.007083333333333333,1.0,0,0.0,1.0,59.97
239.0,1.4166666666666667,17.0,0.007083333333333333,1.0,0,0.0,1.0,60.265
240.0,1.4166666666666667,17.0,0.007083333333333333,1.0,0,0.0,1.0,60.85
241.0,1.5,18.0,0.0075,1.0,0,0.0,1.0,61.435
242.0,1.4166666666666667,17.0,0.007083333333333333,1.0,0,0.0,1.0,62.02
243.0,1.5833333333333333,19.0,0.007916666666666667,1.0,0,0.0,1.0,62.61
244.0,1.5833333333333333,19.0,0.007916666666666667,1.0,0,0.0,1.0,63.205
245.0,1.75,21.0,0.00875,1.0,0,0.0,1.0,63.81
246.0,1.75,21.0,0.00875,1.0,0,0.0,1.0,64.425
247.0,1.75,21.0,0.00875,1.0,0,0.0,1.0,65.05
248.0,1.75,21.0,0.00875,1.0,0,0.0,1.0,65.685
249.0,1.75,21.0,0.00875,1.0,0,0.0,1.0,66.33
250.0,1.75,21.0,0.00875,1.0,0,0.0,1.0,66.985
251.0,1.75,21.0,0.00875,1.0,0,0.0,1.0,67.65
252.0,1.75,21.0,0.00875,1.0,0,0.0,1.0,68.325
253.0,1.75,21.0,0.00875,1.0,0,0.0,1.0,68.675
254.0,1.75,21.0,0.00875,1.0,0,0.0,1.0,69.365
255.0,1.75,21.0,0.00875,1.0,0,0.0,1.0,70.06
256.0,1.75,21.0,0.00875,1.0,0,0.0,1.0,70.74
257.0,1.75,21.0,0.00875,1.0,0,0.0,1.0,71.43
258.0,1.75,21.0,0.00875,1.0,0,0.0,1.0,72.12
259.0,1.75,21.0,0.00875,1.0,0,0.0,1.0,72.06
260.0,1.75,21.0,0.00875,1.0,0,0.0,1.0,72.745
261.0,1.75,21.0,0.00875,1.0,0,0.0,1.0,73.255
262.0,1.75,21.0,0.00875,1.0,0,0.0,1.0,74.115
263.0,1.75,21.0,0.00875,1.0,0,0.0,1.0,74.8
264.0,1.75,21.0,0.00875,1.0,0,0.0,1.0,76.26
265.0,1.9166666666666667,23.0,0.009583333333333333,1.0,0,0.0,1.0,76.95
266.0,1.75,21.0,0.00875,1.0,0,0.0,1.0,77.64
267.0,1.75,21.0,0.00875,1.0,0,0.0,1.0,78.4
268.0,1.75,21.0,0.00875,1.0,0,0.0,1.0,79.16
269.0,1.75,21.0,0.00875,1.0,0,0.0,1.0,80.275
270.0,1.75,21.0,0.00875,1.0,0,0.0,1.0,82.57
271.0,1.75,21.0,0.00875,1.0,0,0.0,1.0,84.92
272.0,1.75,21.0,0.00875,1.0,0,0.0,1.0,86.72
273.0,1.75,21.0,0.00875,1.0,0,0.0,1.0,88.455
274.0,1.75,21.0,0.00875,1.0,0,0.0,1.0,89.2
275.0,1.75,21.0,0.00875,1.0,0,0.0,1.0,89.945
276.0,1.75,21.0,0.00875,1.0,0,0.0,1.0,90.69
277.0,1.9166666666666667,23.0,0.009583333333333333,1.0,0,0.0,1.0,91.435
278.0,1.75,21.0,0.00875,1.0,0,0.0,1.0,92.18
279.0,1.75,21.0,0.00875,1.0,0,0.0,1.0,92.925
280.0,1.75,21.0,0.00875,1.0,0,0.0,1.0,93.405
281.0,1.75,21.0,0.00875,1.0,0,0.0,1.0,93.335
282.0,1.75,21.0,0.00875,1.0,0,0.0,1.0,93.29
283.0,1.75,21.0,0.00875,1.0,0,0.0,1.0,93.62
284.0,1.75,21.0,0.00875,1.0,0,0.0,1.0,93.84
285.0,1.75,21.0,0.00875,1.0,0,0.0,1.0,93.295
286.0,1.75,21.0,0.00875,1.0,0,0.0,1.0,92.79
287.0,1.75,21.0,0.00875,1.0,0,0.0,1.0,92.965
288.0,1.75,21.0,0.00875,1.0,0,0.0,1.0,93.16
289.0,1.8333333333333333,22.0,0.009166666666666667,1.0,0,0.0,1.0,93.69
290.0,1.75,21.0,0.00875,1.0,0,0.0,1.0,94.2
291.0,1.75,21.0,0.00875,1.0,0,0.0,1.0,94.89
292.0,1.75,21.0,0.00875,1.0,0,0.0,1.0,94.665
293.0,1.75,21.0,0.00875,1.0,0,0.0,1.0,95.35
294.0,1.75,21.0,0.00875,1.0,0,0.0,1.0,96.035
295.0,1.75,21.0,0.00875,1.0,0,0.0,1.0,96.72
296.0,1.9166666666666667,23.0,0.009583333333333333,1.0,0,0.0,1.0,97.41
297.0,1.9166666666666667,23.0,0.009583333333333333,1.0,0,0.0,1.0,98.105
298.0,1.9166666666666667,23.0,0.009583333333333333,1.0,0,0.0,1.0,98.805
299.0,1.9166666666666667,23.0,0.009583333333333333,1.0,0,0.0,1.0,99.51
300.0,1.9166666666666667,23.0,0.009583333333333333,1.0,0,0.0,1.0,100.22
301.0,2.0,24.0,0.01,1.0,0,0.0,1.0,100.935
302.0,2.0833333333333335,25.0,0.010416666666666666,1.0,0,0.0,1.0,101.66
303.0,2.0833333333333335,25.0,0.010416666666666666,1.0,0,0.0,1.0,102.395
304.0,2.0833333333333335,25.0,0.010416666666666666,1.0,0,0.0,1.0,103.14
305.0,2.0833333333333335,25.0,0.010416666666666666,1.0,0,0.0,1.0,103.895
306.0,2.0833333333333335,25.0,0.010416666666666666,1.0,0,0.0,1.0,104.66
307.0,2.0833333333333335,25.0,0.010416666666666666,1.0,0,0.0,1.0,105.43
308.0,2.0833333333333335,25.0,0.010416666666666666,1.0,0,0.0,1.0,106.205
309.0,2.0833333333333335,25.0,0.010416666666666666,1.0,0,0.0,1.0,106.57
310.0,2.25,27.0,0.01125,1.0,0,0.0,1.0,106.395
311.0,2.25,27.0,0.01125,1.0,0,0.0,1.0,106.255
312.0,2.25,27.0,0.01125,1.0,0,0.0,1.0,107.05
313.0,2.3333333333333335,28.0,0.011666666666666667,1.0,0,0.0,1.0,107.295
314.0,2.25,27.0,0.01125,1.0,0,0.0,1.0,107.435
315.0,2.25,27.0,0.01125,1.0,0,0.0,1.0,106.815
316.0,2.25,27.0,0.01125,1.0,0,0.0,1.0,106.24
317.0,2.25,27.0,0.01125,1.0,0,0.0,1.0,106.35
318.0,2.25,27.0,0.01125,1.0,0,0.0,1.0,106.485
319.0,2.25,27.0,0.01125,1.0,0,0.0,1.0,106.96
320.0,2.25,27.0,0.01125,1.0,0,0.0,1.0,107.42
321.0,2.25,27.0,0.01125,1.0,0,0.0,1.0,107.15
322.0,2.1666666666666665,26.0,0.010833333333333334,1.0,0,0.0,1.0,106.435
323.0,2.1666666666666665,26.0,0.010833333333333334,1.0,0,0.0,1.0,105.715
324.0,2.1666666666666665,26.0,0.010833333333333334,1.0,0,0.0,1.0,104.99
325.0,2.3333333333333335,28.0,0.011666666666666667,1.0,0,0.0,1.0,104.19
326.0,2.1666666666666665,26.0,0.010833333333333334,1.0,0,0.0,1.0,103.345
327.0,2.1666666666666665,26.0,0.010833333333333334,1.0,0,0.0,1.0,102.555
328.0,2.1666666666666665,26.0,0.010833333333333334,1.0,0,0.0,1.0,101.795
329.0,2.3333333333333335,28.0,0.011666666666666667,1.0,0,0.0,1.0,101.035
330.0,2.3333333333333335,28.0,0.011666666666666667,1.0,0,0.0,1.0,99.75
331.0,2.3333333333333335,28.0,0.011666666666666667,1.0,0,0.0,1.0,97.915
332.0,2.25,27.0,0.01125,1.0,0,0.0,1.0,96.105
333.0,2.25,27.0,0.01125,1.0,0,0.0,1.0,94.67
334.0,2.25,27.0,0.01125,1.0,0,0.0,1.0,93.125
335.0,2.25,27.0,0.01125,1.0,0,0.0,1.0,93.11
336.0,2.25,27.0,0.01125,1.0,0,0.0,1.0,93.005
337.0,2.1666666666666665,26.0,0.010833333333333334,1.0,0,0.0,1.0,92.05
338.0,1.9166666666666667,23.0,0.009583333333333333,1.0,0,0.0,1.0,91.04
339.0,1.9166666666666667,23.0,0.009583333333333333,1.0,0,0.0,1.0,90.015
340.0,1.9166666666666667,23.0,0.009583333333333333,1.0,0,0.0,1.0,88.975
341.0,1.9166666666666667,23.0,0.009583333333333333,1.0,0,0.0,1.0,87.92
342.0,1.9166666666666667,23.0,0.009583333333333333,1.0,0,0.0,1.0,88.355
343.0,1.9166666666666667,23.0,0.009583333333333333,1.0,0,0.0,1.0,88.78
344.0,1.9166666666666667,23.0,0.009583333333333333,1.0,0,0.0,1.0,89.195
345.0,1.9166666666666667,23.0,0.009583333333333333,1.0,0,0.0,1.0,88.88
346.0,1.9166666666666667,23.0,0.009583333333333333,1.0,0,0.0,1.0,88.445
347.0,1.9166666666666667,23.0,0.009583333333333333,1.0,0,0.0,1.0,89.0
348.0,1.9166666666666667,23.0,0.009583333333333333,1.0,0,0.0,1.0,89.6
349.0,2.0833333333333335,25.0,0.010416666666666666,1.0,0,0.0,1.0,90.2
350.0,1.9166666666666667,23.0,0.009583333333333333,1.0,0,0.0,1.0,90.8
351.0,2.0833333333333335,25.0,0.010416666666666666,1.0,0,0.0,1.0,90.54
352.0,2.25,27.0,0.01125,1.0,0,0.0,1.0,90.31
353.0,2.25,27.0,0.01125,1.0,0,0.0,1.0,90.425
354.0,2.25,27.0,0.01125,1.0,0,0.0,1.0,90.53
355.0,2.25,27.0,0.01125,1.0,0,0.0,1.0,89.915
356.0,2.25,27.0,0.01125,1.0,0,0.0,1.0,90.545
357.0,2.4166666666666665,29.0,0.012083333333333333,1.0,0,0.0,1.0,91.19
358.0,2.4166666666666665,29.0,0.012083333333333333,1.0,0,0.0,1.0,91.545
359.0,2.4166666666666665,29.0,0.012083333333333333,1.0,0,0.0,1.0,92.18
360.0,2.4166666666666665,29.0,0.012083333333333333,1.0,0,0.0,1.0,92.83
361.0,2.4166666666666665,29.0,0.012083333333333333,1.0,0,0.0,1.0,93.25
362.0,2.25,27.0,0.01125,1.0,0,0.0,1.0,93.87
363.0,2.25,27.0,0.01125,1.0,0,0.0,1.0,94.475
364.0,2.25,27.0,0.01125,1.0,0,0.0,1.0,95.095
365.0,2.25,27.0,0.01125,1.0,0,0.0,1.0,95.715
366.0,2.25,27.0,0.01125,1.0,0,0.0,1.0,96.33
367.0,2.25,27.0,0.01125,1.0,0,0.0,1.0,96.26
368.0,2.25,27.0,0.01125,1.0,0,0.0,1.0,95.635
369.0,2.25,27.0,0.01125,1.0,0,0.0,1.0,95.03
370.0,2.25,27.0,0.01125,1.0,0,0.0,1.0,95.67
371.0,2.25,27.0,0.01125,1.0,0,0.0,1.0,96.31
372.0,2.25,27.0,0.01125,1.0,0,0.0,1.0,96.95
373.0,2.25,27.0,0.01125,1.0,0,0.0,1.0,96.725
374.0,2.25,27.0,0.01125,1.0,0,0.0,1.0,96.39
375.0,2.25,27.0,0.01125,1.0,0,0.0,1.0,97.02
376.0,2.25,27.0,0.01125,1.0,0,0.0,1.0,97.65
377.0,2.25,27.0,0.01125,1.0,0,0.0,1.0,97.28
378.0,2.25,27.0,0.01125,1.0,0,0.0,1.0,97.905
379.0,2.25,27.0,0.01125,1.0,0,0.0,1.0,98.53
380.0,2.25,27.0,0.01125,1.0,0,0.0,1.0,99.155
381.0,2.25,27.0,0.01125,1.0,0,0.0,1.0,99.78
382.0,2.25,27.0,0.01125,1.0,0,0.0,1.0,101.43
383.0,2.4166666666666665,29.0,0.012083333333333333,1.0,0,0.0,1.0,103.08
384.0,2.4166666666666665,29.0,0.012083333333333333,1.0,0,0.0,1.0,105.95
385.0,2.5833333333333335,31.0,0.012916666666666667,1.0,0,0.0,1.0,107.955
386.0,2.4166666666666665,29.0,0.012083333333333333,1.0,0,0.0,1.0,108.625
387.0,2.4166666666666665,29.0,0.012083333333333333,1.0,0,0.0,1.0,109.3
388.0,2.4166666666666665,29.0,0.012083333333333333,1.0,0,0.0,1.0,109.98
389.0,2.4166666666666665,29.0,0.012083333333333333,1.0,0,0.0,1.0,110.665
390.0,2.4166666666666665,29.0,0.012083333333333333,1.0,0,0.0,1.0,111.355
391.0,2.4166666666666665,29.0,0.012083333333333333,1.0,0,0.0,1.0,112.05
392.0,2.4166666666666665,29.0,0.012083333333333333,1.0,0,0.0,1.0,111.365
393.0,2.5833333333333335,31.0,0.012916666666666667,1.0,0,0.0,1.0,110.71
394.0,2.5833333333333335,31.0,0.012916666666666667,1.0,0,0.0,1.0,111.405
395.0,2.5833333333333335,31.0,0.012916666666666667,1.0,0,0.0,1.0,112.105
396.0,2.5833333333333335,31.0,0.012916666666666667,1.0,0,0.0,1.0,112.81
397.0,2.75,33.0,0.01375,1.0,0,0.0,1.0,112.545
398.0,2.9166666666666665,35.0,0.014583333333333334,1.0,0,0.0,1.0,112.19
399.0,2.9166666666666665,35.0,0.014583333333333334,1.0,0,0.0,1.0,111.44
400.0,2.75,33.0,0.01375,1.0,0,0.0,1.0,110.495
401.0,2.75,33.0,0.01375,1.0,0,0.0,1.0,108.44
402.0,2.75,33.0,0.01375,1.0,0,0.0,1.0,106.415
403.0,2.75,33.0,0.01375,1.0,0,0.0,1.0,104.635
404.0,2.75,33.0,0.01375,1.0,0,0.0,1.0,102.845
405.0,2.75,33.0,0.01375,1.0,0,0.0,1.0,100.33
406.0,2.75,33.0,0.01375,1.0,0,0.0,1.0,99.305
407.0,2.75,33.0,0.01375,1.0,0,0.0,1.0,99.78
408.0,2.5833333333333335,31.0,0.012916666666666667,1.0,0,0.0,1.0,98.745
409.0,2.75,33.0,0.01375,1.0,0,0.0,1.0,97.915
410.0,2.5833333333333335,31.0,0.012916666666666667,1.0,0,0.0,1.0,96.545
411.0,2.5833333333333335,31.0,0.012916666666666667,1.0,0,0.0,1.0,95.225
412.0,2.5833333333333335,31.0,0.012916666666666667,1.0,0,0.0,1.0,94.2
413.0,2.5833333333333335,31.0,0.012916666666666667,1.0,0,0.0,1.0,93.43
414.0,2.5833333333333335,31.0,0.012916666666666667,1.0,0,0.0,1.0,92.655
415.0,2.4166666666666665,29.0,0.012083333333333333,1.0,0,0.0,1.0,90.37
416.0,2.25,27.0,0.01125,1.0,0,0.0,1.0,86.87
417.0,2.0833333333333335,25.0,0.010416666666666666,1.0,0,0.0,1.0,84.53
418.0,2.0833333333333335,25.0,0.010416666666666666,1.0,0,0.0,1.0,82.975
419.0,2.0833333333333335,25.0,0.010416666666666666,1.0,0,0.0,1.0,81.24
420.0,2.0833333333333335,25.0,0.010416666666666666,1.0,0,0.0,1.0,79.725
421.0,2.0833333333333335,25.0,0.010416666666666666,1.0,0,0.0,1.0,78.195
422.0,2.0833333333333335,25.0,0.010416666666666666,1.0,0,0.0,1.0,77.005
423.0,2.25,27.0,0.01125,1.0,0,0.0,1.0,75.845
424.0,2.25,27.0,0.01125,1.0,0,0.0,1.0,75.055
425.0,2.4166666666666665,29.0,0.012083333333333333,1.0,0,0.0,1.0,75.5
426.0,2.4166666666666665,29.0,0.012083333333333333,1.0,0,0.0,1.0,77.39
427.0,2.4166666666666665,29.0,0.012083333333333333,1.0,0,0.0,1.0,78.065
428.0,2.4166666666666665,29.0,0.012083333333333333,1.0,0,0.0,1.0,78.75
429.0,2.4166666666666665,29.0,0.012083333333333333,1.0,0,0.0,1.0,79.445
430.0,2.5833333333333335,31.0,0.012916666666666667,1.0,0,0.0,1.0,81.305
431.0,2.5833333333333335,31.0,0.012916666666666667,1.0,0,0.0,1.0,82.035
432.0,2.5833333333333335,31.0,0.012916666666666667,1.0,0,0.0,1.0,82.775
433.0,2.6666666666666665,32.0,0.013333333333333334,1.0,0,0.0,1.0,82.36
434.0,2.5833333333333335,31.0,0.012916666666666667,1.0,0,0.0,1.0,81.84
435.0,2.5833333333333335,31.0,0.012916666666666667,1.0,0,0.0,1.0,82.415
436.0,2.5833333333333335,31.0,0.012916666666666667,1.0,0,0.0,1.0,83.005
437.0,2.5833333333333335,31.0,0.012916666666666667,1.0,0,0.0,1.0,82.455
438.0,2.5833333333333335,31.0,0.012916666666666667,1.0,0,0.0,1.0,82.275
439.0,2.5833333333333335,31.0,0.012916666666666667,1.0,0,0.0,1.0,82.075
440.0,2.5833333333333335,31.0,0.012916666666666667,1.0,0,0.0,1.0,82.665
441.0,2.75,33.0,0.01375,1.0,0,0.0,1.0,82.715
442.0,2.75,33.0,0.01375,1.0,0,0.0,1.0,83.455
443.0,2.75,33.0,0.01375,1.0,0,0.0,1.0,84.2
444.0,2.75,33.0,0.01375,1.0,0,0.0,1.0,84.95
445.0,2.9166666666666665,35.0,0.014583333333333334,1.0,0,0.0,1.0,85.065
446.0,2.75,33.0,0.01375,1.0,0,0.0,1.0,85.74
447.0,2.9166666666666665,35.0,0.014583333333333334,1.0,0,0.0,1.0,86.285
448.0,2.9166666666666665,35.0,0.014583333333333334,1.0,0,0.0,1.0,86.835
449.0,2.9166666666666665,35.0,0.014583333333333334,1.0,0,0.0,1.0,86.475
450.0,2.9166666666666665,35.0,0.014583333333333334,1.0,0,0.0,1.0,87.025
451.0,2.9166666666666665,35.0,0.014583333333333334,1.0,0,0.0,1.0,87.78
452.0,2.9166666666666665,35.0,0.014583333333333334,1.0,0,0.0,1.0,88.55
453.0,2.9166666666666665,35.0,0.014583333333333334,1.0,0,0.0,1.0,89.325
454.0,2.9166666666666665,35.0,0.014583333333333334,1.0,0,0.0,1.0,90.105
455.0,2.9166666666666665,35.0,0.014583333333333334,1.0,0,0.0,1.0,90.89
456.0,2.9166666666666665,35.0,0.014583333333333334,1.0,0,0.0,1.0,91.675
457.0,3.0833333333333335,37.0,0.015416666666666667,1.0,0,0.0,1.0,92.36
458.0,2.9166666666666665,35.0,0.014583333333333334,1.0,0,0.0,1.0,93.14
459.0,2.9166666666666665,35.0,0.014583333333333334,1.0,0,0.0,1.0,93.92
460.0,2.9166666666666665,35.0,0.014583333333333334,1.0,0,0.0,1.0,94.7
461.0,2.9166666666666665,35.0,0.014583333333333334,1.0,0,0.0,1.0,95.335
462.0,2.9166666666666665,35.0,0.014583333333333334,1.0,0,0.0,1.0,96.11
463.0,2.9166666666666665,35.0,0.014583333333333334,1.0,0,0.0,1.0,96.885
464.0,2.9166666666666665,35.0,0.014583333333333334,1.0,0,0.0,1.0,97.66
465.0,2.9166666666666665,35.0,0.014583333333333334,1.0,0,0.0,1.0,98.6
466.0,2.9166666666666665,35.0,0.014583333333333334,1.0,0,0.0,1.0,99.38
467.0,3.0833333333333335,37.0,0.015416666666666667,1.0,0,0.0,1.0,100.165
468.0,3.0833333333333335,37.0,0.015416666666666667,1.0,0,0.0,1.0,100.955
469.0,3.1666666666666665,38.0,0.015833333333333335,1.0,0,0.0,1.0,101.75
470.0,2.9166666666666665,35.0,0.014583333333333334,1.0,0,0.0,1.0,101.045
471.0,2.9166666666666665,35.0,0.014583333333333334,1.0,0,0.0,1.0,100.34
472.0,2.5833333333333335,31.0,0.012916666666666667,1.0,0,0.0,1.0,97.915
473.0,2.4166666666666665,29.0,0.012083333333333333,1.0,0,0.0,1.0,93.985
474.0,2.25,27.0,0.01125,1.0,0,0.0,1.0,89.245
475.0,2.25,27.0,0.01125,1.0,0,0.0,1.0,84.575
476.0,2.25,27.0,0.01125,1.0,0,0.0,1.0,79.88
477.0,2.4166666666666665,29.0,0.012083333333333333,1.0,0,0.0,1.0,75.28
478.0,2.4166666666666665,29.0,0.012083333333333333,1.0,0,0.0,1.0,72.285
479.0,2.5833333333333335,31.0,0.012916666666666667,1.0,0,0.0,1.0,69.055
480.0,2.5833333333333335,31.0,0.012916666666666667,1.0,0,0.0,1.0,66.06
481.0,2.5833333333333335,31.0,0.012916666666666667,1.0,0,0.0,1.0,65.83
482.0,2.5833333333333335,31.0,0.012916666666666667,1.0,0,0.0,1.0,66.5
483.0,2.5833333333333335,31.0,0.012916666666666667,1.0,0,0.0,1.0,67.18
484.0,2.5833333333333335,31.0,0.012916666666666667,1.0,0,0.0,1.0,67.87
485.0,2.5833333333333335,31.0,0.012916666666666667,1.0,0,0.0,1.0,68.57
486.0,2.5833333333333335,31.0,0.012916666666666667,1.0,0,0.0,1.0,69.275
487.0,2.5833333333333335,31.0,0.012916666666666667,1.0,0,0.0,1.0,69.98
488.0,2.75,33.0,0.01375,1.0,0,0.0,1.0,70.69
489.0,2.75,33.0,0.01375,1.0,0,0.0,1.0,71.405
490.0,2.9166666666666665,35.0,0.014583333333333334,1.0,0,0.0,1.0,72.13
491.0,2.9166666666666665,35.0,0.014583333333333334,1.0,0,0.0,1.0,72.865
492.0,2.9166666666666665,35.0,0.014583333333333334,1.0,0,0.0,1.0,72.11
493.0,2.6666666666666665,32.0,0.013333333333333334,1.0,0,0.0,1.0,69.995
494.0,2.5833333333333335,31.0,0.012916666666666667,1.0,0,0.0,1.0,67.92
495.0,2.5833333333333335,31.0,0.012916666666666667,1.0,0,0.0,1.0,65.89
496.0,2.5833333333333335,31.0,0.012916666666666667,1.0,0,0.0,1.0,63.535
497.0,2.9166666666666665,35.0,0.014583333333333334,1.0,0,0.0,1.0,61.5
498.0,2.9166666666666665,35.0,0.014583333333333334,1.0,0,0.0,1.0,59.25
499.0,2.9166666666666665,35.0,0.014583333333333334,1.0,0,0.0,1.0,55.715
500.0,2.9166666666666665,35.0,0.014583333333333334,1.0,0,0.0,1.0,55.16
501.0,2.9166666666666665,35.0,0.014583333333333334,1.0,0,0.0,1.0,55.89
502.0,2.9166666666666665,35.0,0.014583333333333334,1.0,0,0.0,1.0,56.63
503.0,2.9166666666666665,35.0,0.014583333333333334,1.0,0,0.0,1.0,57.38
504.0,2.9166666666666665,35.0,0.014583333333333334,1.0,0,0.0,1.0,58.14
505.0,3.0,36.0,0.015,1.0,0,0.0,1.0,58.37
506.0,2.9166666666666665,35.0,0.014583333333333334,1.0,0,0.0,1.0,58.61
507.0,3.0833333333333335,37.0,0.015416666666666667,1.0,0,0.0,1.0,59.365
508.0,3.0833333333333335,37.0,0.015416666666666667,1.0,0,0.0,1.0,58.84
509.0,3.0833333333333335,37.0,0.015416666666666667,1.0,0,0.0,1.0,59.57
510.0,3.0833333333333335,37.0,0.015416666666666667,1.0,0,0.0,1.0,59.825
511.0,3.0833333333333335,37.0,0.015416666666666667,1.0,0,0.0,1.0,60.455
512.0,3.25,39.0,0.01625,1.0,0,0.0,1.0,60.24
513.0,3.25,39.0,0.01625,1.0,0,0.0,1.0,61.01
514.0,3.3333333333333335,40.0,0.016666666666666666,1.0,0,0.0,1.0,61.795
515.0,3.3333333333333335,40.0,0.016666666666666666,1.0,0,0.0,1.0,62.59
516.0,3.3333333333333335,40.0,0.016666666666666666,1.0,0,0.0,1.0,63.395
517.0,3.3333333333333335,40.0,0.016666666666666666,1.0,0,0.0,1.0,63.62
518.0,3.1666666666666665,38.0,0.015833333333333335,1.0,0,0.0,1.0,63.71
519.0,3.1666666666666665,38.0,0.015833333333333335,1.0,0,0.0,1.0,63.8
520.0,3.1666666666666665,38.0,0.015833333333333335,1.0,0,0.0,1.0,63.885
521.0,3.1666666666666665,38.0,0.015833333333333335,1.0,0,0.0,1.0,64.54
522.0,3.1666666666666665,38.0,0.015833333333333335,1.0,0,0.0,1.0,65.19
523.0,3.1666666666666665,38.0,0.015833333333333335,1.0,0,0.0,1.0,65.835
524.0,3.1666666666666665,38.0,0.015833333333333335,1.0,0,0.0,1.0,66.475
525.0,3.1666666666666665,38.0,0.015833333333333335,1.0,0,0.0,1.0,67.86
526.0,3.1666666666666665,38.0,0.015833333333333335,1.0,0,0.0,1.0,69.26
527.0,3.1666666666666665,38.0,0.015833333333333335,1.0,0,0.0,1.0,70.675
528.0,3.1666666666666665,38.0,0.015833333333333335,1.0,0,0.0,1.0,71.97
529.0,3.3333333333333335,40.0,0.016666666666666666,1.0,0,0.0,1.0,72.275
530.0,3.1666666666666665,38.0,0.015833333333333335,1.0,0,0.0,1.0,72.44
531.0,3.1666666666666665,38.0,0.015833333333333335,1.0,0,0.0,1.0,72.6
532.0,3.1666666666666665,38.0,0.015833333333333335,1.0,0,0.0,1.0,72.755
533.0,3.1666666666666665,38.0,0.015833333333333335,1.0,0,0.0,1.0,73.11
534.0,3.1666666666666665,38.0,0.015833333333333335,1.0,0,0.0,1.0,73.735
535.0,3.1666666666666665,38.0,0.015833333333333335,1.0,0,0.0,1.0,74.325
536.0,3.1666666666666665,38.0,0.015833333333333335,1.0,0,0.0,1.0,75.095
537.0,3.1666666666666665,38.0,0.015833333333333335,1.0,0,0.0,1.0,75.865
538.0,3.1666666666666665,38.0,0.015833333333333335,1.0,0,0.0,1.0,76.48
539.0,3.1666666666666665,38.0,0.015833333333333335,1.0,0,0.0,1.0,77.095
540.0,3.1666666666666665,38.0,0.015833333333333335,1.0,0,0.0,1.0,77.71
541.0,3.25,39.0,0.01625,1.0,0,0.0,1.0,77.985
542.0,3.1666666666666665,38.0,0.015833333333333335,1.0,0,0.0,1.0,78.3
543.0,3.3333333333333335,40.0,0.016666666666666666,1.0,0,0.0,1.0,78.76
544.0,3.3333333333333335,40.0,0.016666666666666666,1.0,0,0.0,1.0,78.805
545.0,3.1666666666666665,38.0,0.015833333333333335,1.0,0,0.0,1.0,78.065
546.0,3.1666666666666665,38.0,0.015833333333333335,1.0,0,0.0,1.0,77.185
547.0,3.1666666666666665,38.0,0.015833333333333335,1.0,0,0.0,1.0,76.44
548.0,3.3333333333333335,40.0,0.016666666666666666,1.0,0,0.0,1.0,75.7
549.0,3.3333333333333335,40.0,0.016666666666666666,1.0,0,0.0,1.0,74.965
550.0,3.3333333333333335,40.0,0.016666666666666666,1.0,0,0.0,1.0,74.23
551.0,3.3333333333333335,40.0,0.016666666666666666,1.0,0,0.0,1.0,73.66
552.0,3.3333333333333335,40.0,0.016666666666666666,1.0,0,0.0,1.0,74.45
553.0,3.5,42.0,0.0175,1.0,0,0.0,1.0,75.235
554.0,3.3333333333333335,40.0,0.016666666666666666,1.0,0,0.0,1.0,76.025
555.0,3.3333333333333335,40.0,0.016666666666666666,1.0,0,0.0,1.0,76.82
556.0,3.3333333333333335,40.0,0.016666666666666666,1.0,0,0.0,1.0,77.58
557.0,3.3333333333333335,40.0,0.016666666666666666,1.0,0,0.0,1.0,78.175
558.0,3.4166666666666665,41.0,0.017083333333333332,1.0,0,0.0,1.0,78.965
559.0,3.4166666666666665,41.0,0.017083333333333332,1.0,0,0.0,1.0,79.76
560.0,3.4166666666666665,41.0,0.017083333333333332,1.0,0,0.0,1.0,80.53
561.0,3.4166666666666665,41.0,0.017083333333333332,1.0,0,0.0,1.0,81.33
562.0,3.4166666666666665,41.0,0.017083333333333332,1.0,0,0.0,1.0,82.135
563.0,3.4166666666666665,41.0,0.017083333333333332,1.0,0,0.0,1.0,82.945
564.0,3.4166666666666665,41.0,0.017083333333333332,1.0,0,0.0,1.0,83.76
565.0,3.5833333333333335,43.0,0.017916666666666668,1.0,0,0.0,1.0,84.575
566.0,3.4166666666666665,41.0,0.017083333333333332,1.0,0,0.0,1.0,85.39
567.0,3.4166666666666665,41.0,0.017083333333333332,1.0,0,0.0,1.0,85.635
568.0,3.4166666666666665,41.0,0.017083333333333332,1.0,0,0.0,1.0,86.205
569.0,3.4166666666666665,41.0,0.017083333333333332,1.0,0,0.0,1.0,86.155
570.0,3.4166666666666665,41.0,0.017083333333333332,1.0,0,0.0,1.0,86.115
571.0,3.4166666666666665,41.0,0.017083333333333332,1.0,0,0.0,1.0,86.91
572.0,3.4166666666666665,41.0,0.017083333333333332,1.0,0,0.0,1.0,87.705
573.0,3.4166666666666665,41.0,0.017083333333333332,1.0,0,0.0,1.0,88.5
574.0,3.4166666666666665,41.0,0.017083333333333332,1.0,0,0.0,1.0,89.295
575.0,3.4166666666666665,41.0,0.017083333333333332,1.0,0,0.0,1.0,90.09
576.0,3.5833333333333335,43.0,0.017916666666666668,1.0,0,0.0,1.0,91.76
577.0,3.5833333333333335,43.0,0.017916666666666668,1.0,0,0.0,1.0,92.56
578.0,3.4166666666666665,41.0,0.017083333333333332,1.0,0,0.0,1.0,93.36
579.0,3.4166666666666665,41.0,0.017083333333333332,1.0,0,0.0,1.0,94.16
580.0,3.5833333333333335,43.0,0.017916666666666668,1.0,0,0.0,1.0,94.965
581.0,3.5833333333333335,43.0,0.017916666666666668,1.0,0,0.0,1.0,95.775
582.0,3.5833333333333335,43.0,0.017916666666666668,1.0,0,0.0,1.0,95.69
583.0,3.4166666666666665,41.0,0.017083333333333332,1.0,0,0.0,1.0,95.89
584.0,3.4166666666666665,41.0,0.017083333333333332,1.0,0,0.0,1.0,96.495
585.0,3.4166666666666665,41.0,0.017083333333333332,1.0,0,0.0,1.0,97.1
586.0,3.4166666666666665,41.0,0.017083333333333332,1.0,0,0.0,1.0,97.705
587.0,3.4166666666666665,41.0,0.017083333333333332,1.0,0,0.0,1.0,98.305
588.0,3.4166666666666665,41.0,0.017083333333333332,1.0,0,0.0,1.0,98.9
589.0,3.5,42.0,0.0175,1.0,0,0.0,1.0,98.585
590.0,3.4166666666666665,41.0,0.017083333333333332,1.0,0,0.0,1.0,98.84
591.0,3.4166666666666665,41.0,0.017083333333333332,1.0,0,0.0,1.0,98.24
592.0,3.5833333333333335,43.0,0.017916666666666668,1.0,0,0.0,1.0,98.2
593.0,3.5833333333333335,43.0,0.017916666666666668,1.0,0,0.0,1.0,98.025
594.0,3.5833333333333335,43.0,0.017916666666666668,1.0,0,0.0,1.0,97.85
595.0,3.5833333333333335,43.0,0.017916666666666668,1.0,0,0.0,1.0,97.675
596.0,3.6666666666666665,44.0,0.018333333333333333,1.0,0,0.0,1.0,98.455
597.0,3.6666666666666665,44.0,0.018333333333333333,1.0,0,0.0,1.0,99.24
598.0,3.6666666666666665,44.0,0.018333333333333333,1.0,0,0.0,1.0,100.03
599.0,3.6666666666666665,44.0,0.018333333333333333,1.0,0,0.0,1.0,100.82
600.0,3.8333333333333335,46.0,0.019166666666666665,1.0,0,0.0,1.0,101.615
601.0,4.0,48.0,0.02,1.0,0,0.0,1.0,101.64
602.0,3.75,45.0,0.01875,1.0,0,0.0,1.0,101.94
603.0,3.75,45.0,0.01875,1.0,0,0.0,1.0,102.21
604.0,3.75,45.0,0.01875,1.0,0,0.0,1.0,102.705
605.0,3.75,45.0,0.01875,1.0,0,0.0,1.0,102.84
606.0,3.9166666666666665,47.0,0.019583333333333335,1.0,0,0.0,1.0,103.025
607.0,3.75,45.0,0.01875,1.0,0,0.0,1.0,103.57
608.0,3.9166666666666665,47.0,0.019583333333333335,1.0,0,0.0,1.0,104.335
609.0,3.9166666666666665,47.0,0.019583333333333335,1.0,0,0.0,1.0,105.105
610.0,3.75,45.0,0.01875,1.0,0,0.0,1.0,104.375
611.0,3.75,45.0,0.01875,1.0,0,0.0,1.0,103.645
612.0,3.75,45.0,0.01875,1.0,0,0.0,1.0,102.915
613.0,3.9166666666666665,47.0,0.019583333333333335,1.0,0,0.0,1.0,102.18
614.0,3.75,45.0,0.01875,1.0,0,0.0,1.0,101.48
615.0,3.75,45.0,0.01875,1.0,0,0.0,1.0,100.775
616.0,3.75,45.0,0.01875,1.0,0,0.0,1.0,101.57
617.0,3.75,45.0,0.01875,1.0,0,0.0,1.0,102.365
618.0,3.75,45.0,0.01875,1.0,0,0.0,1.0,103.16
619.0,3.75,45.0,0.01875,1.0,0,0.0,1.0,103.955
620.0,3.75,45.0,0.01875,1.0,0,0.0,1.0,104.75
621.0,3.75,45.0,0.01875,1.0,0,0.0,1.0,105.545
622.0,3.75,45.0,0.01875,1.0,0,0.0,1.0,106.34
623.0,3.75,45.0,0.01875,1.0,0,0.0,1.0,107.135
624.0,3.75,45.0,0.01875,1.0,0,0.0,1.0,108.235
625.0,3.8333333333333335,46.0,0.019166666666666665,1.0,0,0.0,1.0,109.035
626.0,3.75,45.0,0.01875,1.0,0,0.0,1.0,109.835
627.0,3.75,45.0,0.01875,1.0,0,0.0,1.0,110.635
628.0,3.75,45.0,0.01875,1.0,0,0.0,1.0,111.435
629.0,3.75,45.0,0.01875,1.0,0,0.0,1.0,112.235
630.0,3.9166666666666665,47.0,0.019583333333333335,1.0,0,0.0,1.0,113.04
631.0,3.75,45.0,0.01875,1.0,0,0.0,1.0,113.39
632.0,3.75,45.0,0.01875,1.0,0,0.0,1.0,114.075
633.0,3.75,45.0,0.01875,1.0,0,0.0,1.0,114.76
634.0,3.75,45.0,0.01875,1.0,0,0.0,1.0,115.445
635.0,3.75,45.0,0.01875,1.0,0,0.0,1.0,116.13
636.0,3.75,45.0,0.01875,1.0,0,0.0,1.0,116.815
637.0,3.8333333333333335,46.0,0.019166666666666665,1.0,0,0.0,1.0,116.46
638.0,3.75,45.0,0.01875,1.0,0,0.0,1.0,117.115
639.0,3.75,45.0,0.01875,1.0,0,0.0,1.0,117.29
640.0,3.75,45.0,0.01875,1.0,0,0.0,1.0,117.855
641.0,3.75,45.0,0.01875,1.0,0,0.0,1.0,118.19
642.0,3.75,45.0,0.01875,1.0,0,0.0,1.0,118.675
643.0,3.75,45.0,0.01875,1.0,0,0.0,1.0,119.4
644.0,3.75,45.0,0.01875,1.0,0,0.0,1.0,120.16
645.0,3.75,45.0,0.01875,1.0,0,0.0,1.0,120.92
646.0,3.9166666666666665,47.0,0.019583333333333335,1.0,0,0.0,1.0,121.685
647.0,3.9166666666666665,47.0,0.019583333333333335,1.0,0,0.0,1.0,122.455
648.0,3.9166666666666665,47.0,0.019583333333333335,1.0,0,0.0,1.0,123.23
649.0,4.083333333333333,49.0,0.020416666666666666,1.0,0,0.0,1.0,124.015
650.0,4.083333333333333,49.0,0.020416666666666666,1.0,0,0.0,1.0,124.81
651.0,4.083333333333333,49.0,0.020416666666666666,1.0,0,0.0,1.0,124.62
652.0,3.9166666666666665,47.0,0.019583333333333335,1.0,0,0.0,1.0,125.31
653.0,4.083333333333333,49.0,0.020416666666666666,1.0,0,0.0,1.0,126.005
654.0,4.083333333333333,49.0,0.020416666666666666,1.0,0,0.0,1.0,126.705
655.0,4.083333333333333,49.0,0.020416666666666666,1.0,0,0.0,1.0,127.405
656.0,4.083333333333333,49.0,0.020416666666666666,1.0,0,0.0,1.0,128.105
657.0,4.083333333333333,49.0,0.020416666666666666,1.0,0,0.0,1.0,128.805
658.0,4.083333333333333,49.0,0.020416666666666666,1.0,0,0.0,1.0,129.62
659.0,4.083333333333333,49.0,0.020416666666666666,1.0,0,0.0,1.0,130.435
660.0,4.083333333333333,49.0,0.020416666666666666,1.0,0,0.0,1.0,131.25
661.0,4.166666666666667,50.0,0.020833333333333332,1.0,0,0.0,1.0,132.065
662.0,4.083333333333333,49.0,0.020416666666666666,1.0,0,0.0,1.0,132.165
663.0,4.083333333333333,49.0,0.020416666666666666,1.0,0,0.0,1.0,131.645
664.0,4.083333333333333,49.0,0.020416666666666666,1.0,0,0.0,1.0,131.135
665.0,4.083333333333333,49.0,0.020416666666666666,1.0,0,0.0,1.0,131.935
666.0,4.083333333333333,49.0,0.020416666666666666,1.0,0,0.0,1.0,132.735
667.0,4.083333333333333,49.0,0.020416666666666666,1.0,0,0.0,1.0,134.865
668.0,4.083333333333333,49.0,0.020416666666666666,1.0,0,0.0,1.0,137.025
669.0,4.083333333333333,49.0,0.020416666666666666,1.0,0,0.0,1.0,138.585
670.0,4.083333333333333,49.0,0.020416666666666666,1.0,0,0.0,1.0,139.4
671.0,4.083333333333333,49.0,0.020416666666666666,1.0,0,0.0,1.0,140.215
672.0,4.083333333333333,49.0,0.020416666666666666,1.0,0,0.0,1.0,141.03
673.0,4.583333333333333,55.0,0.022916666666666665,1.0,0,0.0,1.0,141.855
674.0,4.416666666666667,53.0,0.022083333333333333,1.0,0,0.0,1.0,141.915
675.0,4.416666666666667,53.0,0.022083333333333333,1.0,0,0.0,1.0,141.365
676.0,4.416666666666667,53.0,0.022083333333333333,1.0,0,0.0,1.0,140.835
677.0,4.416666666666667,53.0,0.022083333333333333,1.0,0,0.0,1.0,140.805
678.0,4.416666666666667,53.0,0.022083333333333333,1.0,0,0.0,1.0,140.305
679.0,4.416666666666667,53.0,0.022083333333333333,1.0,0,0.0,1.0,141.155
680.0,4.416666666666667,53.0,0.022083333333333333,1.0,0,0.0,1.0,142.005
681.0,4.5,54.0,0.0225,1.0,0,0.0,1.0,142.86
682.0,4.5,54.0,0.0225,1.0,0,0.0,1.0,143.72
683.0,4.5,54.0,0.0225,1.0,0,0.0,1.0,144.585
684.0,4.666666666666667,56.0,0.023333333333333334,1.0,0,0.0,1.0,145.46
685.0,5.0,60.0,0.025,1.0,0,0.0,1.0,145.34
686.0,4.833333333333333,58.0,0.024166666666666666,1.0,0,0.0,1.0,146.06
687.0,4.833333333333333,58.0,0.024166666666666666,1.0,0,0.0,1.0,145.665
688.0,4.833333333333333,58.0,0.024166666666666666,1.0,0,0.0,1.0,145.14
689.0,4.833333333333333,58.0,0.024166666666666666,1.0,0,0.0,1.0,144.62
690.0,4.833333333333333,58.0,0.024166666666666666,1.0,0,0.0,1.0,144.1
691.0,4.833333333333333,58.0,0.024166666666666666,1.0,0,0.0,1.0,145.01
692.0,4.833333333333333,58.0,0.024166666666666666,1.0,0,0.0,1.0,145.92
693.0,4.666666666666667,56.0,0.023333333333333334,1.0,0,0.0,1.0,145.325
694.0,4.666666666666667,56.0,0.023333333333333334,1.0,0,0.0,1.0,144.725
695.0,4.833333333333333,58.0,0.024166666666666666,1.0,0,0.0,1.0,144.125
696.0,4.833333333333333,58.0,0.024166666666666666,1.0,0,0.0,1.0,143.525
697.0,4.583333333333333,55.0,0.022916666666666665,1.0,0,0.0,1.0,138.43
698.0,4.333333333333333,52.0,0.021666666666666667,1.0,0,0.0,1.0,133.59
699.0,4.0,48.0,0.02,1.0,0,0.0,1.0,126.385
700.0,3.6666666666666665,44.0,0.018333333333333333,1.0,0,0.0,1.0,117.935
701.0,3.5,42.0,0.0175,1.0,0,0.0,1.0,107.905
702.0,3.3333333333333335,40.0,0.016666666666666666,1.0,0,0.0,1.0,100.84
703.0,3.1666666666666665,38.0,0.015833333333333335,1.0,0,0.0,1.0,95.06
704.0,3.3333333333333335,40.0,0.016666666666666666,1.0,0,0.0,1.0,90.505
705.0,3.3333333333333335,40.0,0.016666666666666666,1.0,0,0.0,1.0,87.23
706.0,3.6666666666666665,44.0,0.018333333333333333,1.0,0,0.0,1.0,85.265
707.0,3.8333333333333335,46.0,0.019166666666666665,1.0,0,0.0,1.0,83.31
708.0,4.166666666666667,50.0,0.020833333333333332,1.0,0,0.0,1.0,82.92
709.0,4.333333333333333,52.0,0.021666666666666667,1.0,0,0.0,1.0,82.88
710.0,4.166666666666667,50.0,0.020833333333333332,1.0,0,0.0,1.0,82.19
711.0,4.333333333333333,52.0,0.021666666666666667,1.0,0,0.0,1.0,82.925
712.0,4.333333333333333,52.0,0.021666666666666667,1.0,0,0.0,1.0,85.845
713.0,4.333333333333333,52.0,0.021666666666666667,1.0,0,0.0,1.0,87.795
714.0,4.333333333333333,52.0,0.021666666666666667,1.0,0,0.0,1.0,88.625
715.0,4.333333333333333,52.0,0.021666666666666667,1.0,0,0.0,1.0,90.535
716.0,4.5,54.0,0.0225,1.0,0,0.0,1.0,91.355
717.0,4.833333333333333,58.0,0.024166666666666666,1.0,0,0.0,1.0,93.975
718.0,4.666666666666667,56.0,0.023333333333333334,1.0,0,0.0,1.0,94.82
719.0,4.666666666666667,56.0,0.023333333333333334,1.0,0,0.0,1.0,95.675
720.0,4.666666666666667,56.0,0.023333333333333334,1.0,0,0.0,1.0,96.54
721.0,4.666666666666667,56.0,0.023333333333333334,1.0,0,0.0,1.0,96.875
722.0,4.5,54.0,0.0225,1.0,0,0.0,1.0,96.085
723.0,4.333333333333333,52.0,0.021666666666666667,1.0,0,0.0,1.0,95.25
724.0,4.333333333333333,52.0,0.021666666666666667,1.0,0,0.0,1.0,93.615
725.0,4.166666666666667,50.0,0.020833333333333332,1.0,0,0.0,1.0,89.42
726.0,4.0,48.0,0.02,1.0,0,0.0,1.0,85.105
727.0,4.0,48.0,0.02,1.0,0,0.0,1.0,80.94
728.0,4.0,48.0,0.02,1.0,0,0.0,1.0,78.265
729.0,4.0,48.0,0.02,1.0,0,0.0,1.0,75.58
730.0,4.0,48.0,0.02,1.0,0,0.0,1.0,73.605
731.0,4.166666666666667,50.0,0.020833333333333332,1.0,0,0.0,1.0,74.28
732.0,4.333333333333333,52.0,0.021666666666666667,1.0,0,0.0,1.0,75.05
733.0,4.333333333333333,52.0,0.021666666666666667,1.0,0,0.0,1.0,75.705
734.0,4.333333333333333,52.0,0.021666666666666667,1.0,0,0.0,1.0,76.37
735.0,4.333333333333333,52.0,0.021666666666666667,1.0,0,0.0,1.0,75.89
736.0,4.416666666666667,53.0,0.022083333333333333,1.0,0,0.0,1.0,75.815
737.0,4.416666666666667,53.0,0.022083333333333333,1.0,0,0.0,1.0,76.61
738.0,4.583333333333333,55.0,0.022916666666666665,1.0,0,0.0,1.0,76.775
739.0,4.583333333333333,55.0,0.022916666666666665,1.0,0,0.0,1.0,77.585
740.0,4.666666666666667,56.0,0.023333333333333334,1.0,0,0.0,1.0,78.41
741.0,4.666666666666667,56.0,0.023333333333333334,1.0,0,0.0,1.0,79.245
742.0,4.5,54.0,0.0225,1.0,0,0.0,1.0,79.995
743.0,4.5,54.0,0.0225,1.0,0,0.0,1.0,80.745
744.0,4.666666666666667,56.0,0.023333333333333334,1.0,0,0.0,1.0,81.5
745.0,4.833333333333333,58.0,0.024166666666666666,1.0,0,0.0,1.0,81.11
746.0,4.666666666666667,56.0,0.023333333333333334,1.0,0,0.0,1.0,81.11
747.0,4.583333333333333,55.0,0.022916666666666665,1.0,0,0.0,1.0,79.375
748.0,4.5,54.0,0.0225,1.0,0,0.0,1.0,77.44
749.0,4.416666666666667,53.0,0.022083333333333333,1.0,0,0.0,1.0,75.315
750.0,4.416666666666667,53.0,0.022083333333333333,1.0,0,0.0,1.0,73.365
751.0,4.416666666666667,53.0,0.022083333333333333,1.0,0,0.0,1.0,71.605
752.0,4.416666666666667,53.0,0.022083333333333333,1.0,0,0.0,1.0,69.735
753.0,4.416666666666667,53.0,0.022083333333333333,1.0,0,0.0,1.0,70.26
754.0,4.5,54.0,0.0225,1.0,0,0.0,1.0,71.815
755.0,4.5,54.0,0.0225,1.0,0,0.0,1.0,73.785
756.0,4.166666666666667,50.0,0.020833333333333332,1.0,0,0.0,1.0,72.28
757.0,4.166666666666667,50.0,0.020833333333333332,1.0,0,0.0,1.0,68.515
758.0,3.8333333333333335,46.0,0.019166666666666665,1.0,0,0.0,1.0,65.515
759.0,3.8333333333333335,46.0,0.019166666666666665,1.0,0,0.0,1.0,62.5
760.0,3.8333333333333335,46.0,0.019166666666666665,1.0,0,0.0,1.0,59.455
761.0,3.8333333333333335,46.0,0.019166666666666665,1.0,0,0.0,1.0,59.76
762.0,4.0,48.0,0.02,1.0,0,0.0,1.0,58.985
763.0,4.0,48.0,0.02,1.0,0,0.0,1.0,60.26
764.0,4.0,48.0,0.02,1.0,0,0.0,1.0,62.375
765.0,4.0,48.0,0.02,1.0,0,0.0,1.0,63.355
766.0,3.6666666666666665,44.0,0.018333333333333333,1.0,0,0.0,1.0,64.23
767.0,3.6666666666666665,44.0,0.018333333333333333,1.0,0,0.0,1.0,64.815
768.0,3.6666666666666665,44.0,0.018333333333333333,1.0,0,0.0,1.0,65.39
769.0,3.75,45.0,0.01875,1.0,0,0.0,1.0,65.65
770.0,3.6666666666666665,44.0,0.018333333333333333,1.0,0,0.0,1.0,65.9
771.0,3.6666666666666665,44.0,0.018333333333333333,1.0,0,0.0,1.0,64.985
772.0,3.6666666666666665,44.0,0.018333333333333333,1.0,0,0.0,1.0,64.595
773.0,3.6666666666666665,44.0,0.018333333333333333,1.0,0,0.0,1.0,65.25
774.0,3.6666666666666665,44.0,0.018333333333333333,1.0,0,0.0,1.0,64.615
775.0,3.75,45.0,0.01875,1.0,0,0.0,1.0,65.27
776.0,3.75,45.0,0.01875,1.0,0,0.0,1.0,65.93
777.0,3.5833333333333335,43.0,0.017916666666666668,1.0,0,0.0,1.0,65.09
778.0,3.4166666666666665,41.0,0.017083333333333332,1.0,0,0.0,1.0,63.585
779.0,3.4166666666666665,41.0,0.017083333333333332,1.0,0,0.0,1.0,62.075
780.0,3.4166666666666665,41.0,0.017083333333333332,1.0,0,0.0,1.0,60.56
781.0,3.3333333333333335,40.0,0.016666666666666666,1.0,0,0.0,1.0,57.37
782.0,3.4166666666666665,41.0,0.017083333333333332,1.0,0,0.0,1.0,56.595
783.0,3.4166666666666665,41.0,0.017083333333333332,1.0,0,0.0,1.0,56.48
784.0,3.4166666666666665,41.0,0.017083333333333332,1.0,0,0.0,1.0,55.995
785.0,3.5833333333333335,43.0,0.017916666666666668,1.0,0,0.0,1.0,55.395
786.0,3.75,45.0,0.01875,1.0,0,0.0,1.0,54.955
787.0,3.8333333333333335,46.0,0.019166666666666665,1.0,0,0.0,1.0,55.585
788.0,3.8333333333333335,46.0,0.019166666666666665,1.0,0,0.0,1.0,56.23
789.0,3.8333333333333335,46.0,0.019166666666666665,1.0,0,0.0,1.0,56.89
790.0,3.8333333333333335,46.0,0.019166666666666665,1.0,0,0.0,1.0,57.565
791.0,3.9166666666666665,47.0,0.019583333333333335,1.0,0,0.0,1.0,58.255
792.0,3.9166666666666665,47.0,0.019583333333333335,1.0,0,0.0,1.0,58.955
793.0,4.166666666666667,50.0,0.020833333333333332,1.0,0,0.0,1.0,58.965
794.0,4.083333333333333,49.0,0.020416666666666666,1.0,0,0.0,1.0,59.135
795.0,4.083333333333333,49.0,0.020416666666666666,1.0,0,0.0,1.0,59.855
796.0,4.25,51.0,0.02125,1.0,0,0.0,1.0,60.405
797.0,4.083333333333333,49.0,0.020416666666666666,1.0,0,0.0,1.0,59.6
798.0,3.9166666666666665,47.0,0.019583333333333335,1.0,0,0.0,1.0,58.415
799.0,3.9166666666666665,47.0,0.019583333333333335,1.0,0,0.0,1.0,57.135
800.0,3.75,45.0,0.01875,1.0,0,0.0,1.0,55.84
801.0,3.75,45.0,0.01875,1.0,0,0.0,1.0,54.79
802.0,3.9166666666666665,47.0,0.019583333333333335,1.0,0,0.0,1.0,55.58
803.0,3.9166666666666665,47.0,0.019583333333333335,1.0,0,0.0,1.0,56.94
804.0,4.25,51.0,0.02125,1.0,0,0.0,1.0,58.71
805.0,4.583333333333333,55.0,0.022916666666666665,1.0,0,0.0,1.0,59.505
806.0,4.416666666666667,53.0,0.022083333333333333,1.0,0,0.0,1.0,60.28
807.0,4.416666666666667,53.0,0.022083333333333333,1.0,0,0.0,1.0,61.015
808.0,4.416666666666667,53.0,0.022083333333333333,1.0,0,0.0,1.0,61.33
809.0,4.416666666666667,53.0,0.022083333333333333,1.0,0,0.0,1.0,61.535
810.0,4.583333333333333,55.0,0.022916666666666665,1.0,0,0.0,1.0,61.905
811.0,4.333333333333333,52.0,0.021666666666666667,1.0,0,0.0,1.0,62.585
812.0,4.166666666666667,50.0,0.020833333333333332,1.0,0,0.0,1.0,61.755
813.0,4.0,48.0,0.02,1.0,0,0.0,1.0,59.805
814.0,4.0,48.0,0.02,1.0,0,0.0,1.0,57.84
815.0,4.0,48.0,0.02,1.0,0,0.0,1.0,55.855
816.0,4.0,48.0,0.02,1.0,0,0.0,1.0,53.86
817.0,4.333333333333333,52.0,0.021666666666666667,1.0,0,0.0,1.0,52.665
818.0,4.166666666666667,50.0,0.020833333333333332,1.0,0,0.0,1.0,52.73
819.0,4.166666666666667,50.0,0.020833333333333332,1.0,0,0.0,1.0,53.365
820.0,4.166666666666667,50.0,0.020833333333333332,1.0,0,0.0,1.0,53.795
821.0,4.333333333333333,52.0,0.021666666666666667,1.0,0,0.0,1.0,54.375
822.0,4.333333333333333,52.0,0.021666666666666667,1.0,0,0.0,1.0,54.945
823.0,4.333333333333333,52.0,0.021666666666666667,1.0,0,0.0,1.0,55.85
824.0,4.333333333333333,52.0,0.021666666666666667,1.0,0,0.0,1.0,56.765
825.0,4.5,54.0,0.0225,1.0,0,0.0,1.0,57.85
826.0,4.5,54.0,0.0225,1.0,0,0.0,1.0,59.46
827.0,4.5,54.0,0.0225,1.0,0,0.0,1.0,61.65
828.0,4.5,54.0,0.0225,1.0,0,0.0,1.0,63.745
829.0,4.666666666666667,56.0,0.023333333333333334,1.0,0,0.0,1.0,64.735
830.0,4.5,54.0,0.0225,1.0,0,0.0,1.0,65.61
831.0,4.5,54.0,0.0225,1.0,0,0.0,1.0,67.905
832.0,4.5,54.0,0.0225,1.0,0,0.0,1.0,68.75
833.0,4.5,54.0,0.0225,1.0,0,0.0,1.0,70.21
834.0,4.5,54.0,0.0225,1.0,0,0.0,1.0,71.06
835.0,4.5,54.0,0.0225,1.0,0,0.0,1.0,71.91
836.0,4.5,54.0,0.0225,1.0,0,0.0,1.0,72.76
837.0,4.5,54.0,0.0225,1.0,0,0.0,1.0,73.61
838.0,4.5,54.0,0.0225,1.0,0,0.0,1.0,74.46
839.0,4.5,54.0,0.0225,1.0,0,0.0,1.0,75.31
840.0,4.5,54.0,0.0225,1.0,0,0.0,1.0,76.16
841.0,4.666666666666667,56.0,0.023333333333333334,1.0,0,0.0,1.0,76.355
842.0,4.5,54.0,0.0225,1.0,0,0.0,1.0,75.8
843.0,4.5,54.0,0.0225,1.0,0,0.0,1.0,76.465
844.0,4.5,54.0,0.0225,1.0,0,0.0,1.0,77.3
845.0,4.5,54.0,0.0225,1.0,0,0.0,1.0,78.135
846.0,4.333333333333333,52.0,0.021666666666666667,1.0,0,0.0,1.0,78.86
847.0,4.333333333333333,52.0,0.021666666666666667,1.0,0,0.0,1.0,79.58
848.0,4.333333333333333,52.0,0.021666666666666667,1.0,0,0.0,1.0,80.495
849.0,4.333333333333333,52.0,0.021666666666666667,1.0,0,0.0,1.0,82.645
850.0,4.333333333333333,52.0,0.021666666666666667,1.0,0,0.0,1.0,84.06
851.0,4.333333333333333,52.0,0.021666666666666667,1.0,0,0.0,1.0,84.775
852.0,4.333333333333333,52.0,0.021666666666666667,1.0,0,0.0,1.0,85.595
853.0,4.416666666666667,53.0,0.022083333333333333,1.0,0,0.0,1.0,85.7
854.0,4.333333333333333,52.0,0.021666666666666667,1.0,0,0.0,1.0,85.055
855.0,4.333333333333333,52.0,0.021666666666666667,1.0,0,0.0,1.0,85.63
856.0,4.333333333333333,52.0,0.021666666666666667,1.0,0,0.0,1.0,86.435
857.0,4.333333333333333,52.0,0.021666666666666667,1.0,0,0.0,1.0,87.06
858.0,4.25,51.0,0.02125,1.0,0,0.0,1.0,86.04
859.0,4.166666666666667,50.0,0.020833333333333332,1.0,0,0.0,1.0,84.43
860.0,4.083333333333333,49.0,0.020416666666666666,1.0,0,0.0,1.0,82.38
861.0,4.0,48.0,0.02,1.0,0,0.0,1.0,80.29
862.0,4.0,48.0,0.02,1.0,0,0.0,1.0,78.06
863.0,4.0,48.0,0.02,1.0,0,0.0,1.0,77.115
864.0,4.0,48.0,0.02,1.0,0,0.0,1.0,76.435
865.0,4.166666666666667,50.0,0.020833333333333332,1.0,0,0.0,1.0,76.36
866.0,4.25,51.0,0.02125,1.0,0,0.0,1.0,77.495
867.0,4.333333333333333,52.0,0.021666666666666667,1.0,0,0.0,1.0,78.22
868.0,4.5,54.0,0.0225,1.0,0,0.0,1.0,78.965
869.0,4.5,54.0,0.0225,1.0,0,0.0,1.0,79.73
870.0,4.5,54.0,0.0225,1.0,0,0.0,1.0,80.515
871.0,4.5,54.0,0.0225,1.0,0,0.0,1.0,81.32
872.0,4.5,54.0,0.0225,1.0,0,0.0,1.0,82.135
873.0,4.5,54.0,0.0225,1.0,0,0.0,1.0,82.955
874.0,4.5,54.0,0.0225,1.0,0,0.0,1.0,83.775
875.0,4.5,54.0,0.0225,1.0,0,0.0,1.0,84.595
876.0,4.666666666666667,56.0,0.023333333333333334,1.0,0,0.0,1.0,85.42
877.0,4.666666666666667,56.0,0.023333333333333334,1.0,0,0.0,1.0,85.355
878.0,4.5,54.0,0.0225,1.0,0,0.0,1.0,86.12
879.0,4.5,54.0,0.0225,1.0,0,0.0,1.0,86.53
880.0,4.5,54.0,0.0225,1.0,0,0.0,1.0,87.29
881.0,4.666666666666667,56.0,0.023333333333333334,1.0,0,0.0,1.0,87.755
882.0,4.833333333333333,58.0,0.024166666666666666,1.0,0,0.0,1.0,88.465
883.0,4.833333333333333,58.0,0.024166666666666666,1.0,0,0.0,1.0,89.29
884.0,4.833333333333333,58.0,0.024166666666666666,1.0,0,0.0,1.0,90.125
885.0,4.833333333333333,58.0,0.024166666666666666,1.0,0,0.0,1.0,90.97
886.0,4.833333333333333,58.0,0.024166666666666666,1.0,0,0.0,1.0,91.82
887.0,4.833333333333333,58.0,0.024166666666666666,1.0,0,0.0,1.0,92.675
888.0,4.833333333333333,58.0,0.024166666666666666,1.0,0,0.0,1.0,93.53
889.0,5.0,60.0,0.025,1.0,0,0.0,1.0,93.49
890.0,5.0,60.0,0.025,1.0,0,0.0,1.0,93.335
891.0,4.833333333333333,58.0,0.024166666666666666,1.0,0,0.0,1.0,93.26
892.0,4.833333333333333,58.0,0.024166666666666666,1.0,0,0.0,1.0,92.835
893.0,4.833333333333333,58.0,0.024166666666666666,1.0,0,0.0,1.0,93.135
894.0,4.833333333333333,58.0,0.024166666666666666,1.0,0,0.0,1.0,93.225
895.0,5.0,60.0,0.025,1.0,0,0.0,1.0,94.66
896.0,5.0,60.0,0.025,1.0,0,0.0,1.0,95.905
897.0,5.0,60.0,0.025,1.0,0,0.0,1.0,97.975
898.0,4.666666666666667,56.0,0.023333333333333334,1.0,0,0.0,1.0,99.655
899.0,4.666666666666667,56.0,0.023333333333333334,1.0,0,0.0,1.0,101.505
900.0,4.666666666666667,56.0,0.023333333333333334,1.0,0,0.0,1.0,103.25
901.0,4.666666666666667,56.0,0.023333333333333334,1.0,0,0.0,1.0,102.915
902.0,4.5,54.0,0.0225,1.0,0,0.0,1.0,102.445
903.0,4.5,54.0,0.0225,1.0,0,0.0,1.0,102.115
904.0,4.5,54.0,0.0225,1.0,0,0.0,1.0,101.485
905.0,4.5,54.0,0.0225,1.0,0,0.0,1.0,101.575
906.0,4.5,54.0,0.0225,1.0,0,0.0,1.0,101.45
907.0,4.5,54.0,0.0225,1.0,0,0.0,1.0,102.215
908.0,4.5,54.0,0.0225,1.0,0,0.0,1.0,102.98
909.0,4.5,54.0,0.0225,1.0,0,0.0,1.0,103.745
910.0,4.666666666666667,56.0,0.023333333333333334,1.0,0,0.0,1.0,104.515
911.0,4.666666666666667,56.0,0.023333333333333334,1.0,0,0.0,1.0,105.29
912.0,4.666666666666667,56.0,0.023333333333333334,1.0,0,0.0,1.0,106.83
913.0,4.666666666666667,56.0,0.023333333333333334,1.0,0,0.0,1.0,107.62
914.0,4.666666666666667,56.0,0.023333333333333334,1.0,0,0.0,1.0,108.415
915.0,4.666666666666667,56.0,0.023333333333333334,1.0,0,0.0,1.0,109.215
916.0,4.666666666666667,56.0,0.023333333333333334,1.0,0,0.0,1.0,110.015
917.0,4.666666666666667,56.0,0.023333333333333334,1.0,0,0.0,1.0,110.815
918.0,4.75,57.0,0.02375,1.0,0,0.0,1.0,110.83
919.0,4.75,57.0,0.02375,1.0,0,0.0,1.0,111.635
920.0,4.75,57.0,0.02375,1.0,0,0.0,1.0,112.445
921.0,4.75,57.0,0.02375,1.0,0,0.0,1.0,113.26
922.0,4.75,57.0,0.02375,1.0,0,0.0,1.0,114.08
923.0,4.75,57.0,0.02375,1.0,0,0.0,1.0,114.905
924.0,4.75,57.0,0.02375,1.0,0,0.0,1.0,115.73
925.0,4.833333333333333,58.0,0.024166666666666666,1.0,0,0.0,1.0,115.88
926.0,4.75,57.0,0.02375,1.0,0,0.0,1.0,116.015
927.0,4.75,57.0,0.02375,1.0,0,0.0,1.0,116.83
928.0,4.75,57.0,0.02375,1.0,0,0.0,1.0,117.645
929.0,4.75,57.0,0.02375,1.0,0,0.0,1.0,118.46
930.0,4.75,57.0,0.02375,1.0,0,0.0,1.0,119.275
931.0,4.75,57.0,0.02375,1.0,0,0.0,1.0,120.8
932.0,4.75,57.0,0.02375,1.0,0,0.0,1.0,121.62
933.0,4.75,57.0,0.02375,1.0,0,0.0,1.0,122.44
934.0,4.916666666666667,59.0,0.024583333333333332,1.0,0,0.0,1.0,123.265
935.0,4.916666666666667,59.0,0.024583333333333332,1.0,0,0.0,1.0,124.82
936.0,4.916666666666667,59.0,0.024583333333333332,1.0,0,0.0,1.0,126.54
937.0,5.25,63.0,0.02625,1.0,0,0.0,1.0,127.395
938.0,5.083333333333333,61.0,0.025416666666666667,1.0,0,0.0,1.0,128.26
939.0,5.083333333333333,61.0,0.025416666666666667,1.0,0,0.0,1.0,129.135
940.0,5.083333333333333,61.0,0.025416666666666667,1.0,0,0.0,1.0,130.015
941.0,5.083333333333333,61.0,0.025416666666666667,1.0,0,0.0,1.0,129.995
942.0,5.25,63.0,0.02625,1.0,0,0.0,1.0,130.125
943.0,5.25,63.0,0.02625,1.0,0,0.0,1.0,131.015
944.0,5.25,63.0,0.02625,1.0,0,0.0,1.0,131.91
945.0,5.25,63.0,0.02625,1.0,0,0.0,1.0,132.81
946.0,5.083333333333333,61.0,0.025416666666666667,1.0,0,0.0,1.0,133.65
947.0,5.083333333333333,61.0,0.025416666666666667,1.0,0,0.0,1.0,134.49
948.0,5.083333333333333,61.0,0.025416666666666667,1.0,0,0.0,1.0,135.325
949.0,5.25,63.0,0.02625,1.0,0,0.0,1.0,133.855
950.0,4.916666666666667,59.0,0.024583333333333332,1.0,0,0.0,1.0,131.12
951.0,4.75,57.0,0.02375,1.0,0,0.0,1.0,127.615
952.0,4.75,57.0,0.02375,1.0,0,0.0,1.0,123.925
953.0,4.916666666666667,59.0,0.024583333333333332,1.0,0,0.0,1.0,120.135
954.0,4.916666666666667,59.0,0.024583333333333332,1.0,0,0.0,1.0,117.84
955.0,4.916666666666667,59.0,0.024583333333333332,1.0,0,0.0,1.0,117.595
956.0,5.083333333333333,61.0,0.025416666666666667,1.0,0,0.0,1.0,118.425
957.0,5.083333333333333,61.0,0.025416666666666667,1.0,0,0.0,1.0,119.265
958.0,5.083333333333333,61.0,0.025416666666666667,1.0,0,0.0,1.0,120.11
959.0,5.083333333333333,61.0,0.025416666666666667,1.0,0,0.0,1.0,120.96
960.0,5.083333333333333,61.0,0.025416666666666667,1.0,0,0.0,1.0,121.815
961.0,5.25,63.0,0.02625,1.0,0,0.0,1.0,122.435
962.0,5.083333333333333,61.0,0.025416666666666667,1.0,0,0.0,1.0,123.085
963.0,5.083333333333333,61.0,0.025416666666666667,1.0,0,0.0,1.0,123.545
964.0,5.083333333333333,61.0,0.025416666666666667,1.0,0,0.0,1.0,124.385
965.0,5.083333333333333,61.0,0.025416666666666667,1.0,0,0.0,1.0,125.225
966.0,5.083333333333333,61.0,0.025416666666666667,1.0,0,0.0,1.0,126.065
967.0,5.083333333333333,61.0,0.025416666666666667,1.0,0,0.0,1.0,127.31
968.0,5.083333333333333,61.0,0.025416666666666667,1.0,0,0.0,1.0,128.385
969.0,5.083333333333333,61.0,0.025416666666666667,1.0,0,0.0,1.0,129.51
970.0,5.25,63.0,0.02625,1.0,0,0.0,1.0,130.37
971.0,5.25,63.0,0.02625,1.0,0,0.0,1.0,131.235
972.0,5.25,63.0,0.02625,1.0,0,0.0,1.0,132.105
973.0,5.25,63.0,0.02625,1.0,0,0.0,1.0,132.685
974.0,5.333333333333333,64.0,0.02666666666666667,1.0,0,0.0,1.0,133.305
975.0,5.333333333333333,64.0,0.02666666666666667,1.0,0,0.0,1.0,133.745
976.0,5.333333333333333,64.0,0.02666666666666667,1.0,0,0.0,1.0,134.48
977.0,5.333333333333333,64.0,0.02666666666666667,1.0,0,0.0,1.0,135.185
978.0,5.333333333333333,64.0,0.02666666666666667,1.0,0,0.0,1.0,135.945
979.0,5.333333333333333,64.0,0.02666666666666667,1.0,0,0.0,1.0,136.83
980.0,5.333333333333333,64.0,0.02666666666666667,1.0,0,0.0,1.0,137.715
981.0,5.0,60.0,0.025,1.0,0,0.0,1.0,138.34
982.0,5.0,60.0,0.025,1.0,0,0.0,1.0,138.955
983.0,5.0,60.0,0.025,1.0,0,0.0,1.0,139.56
984.0,5.0,60.0,0.025,1.0,0,0.0,1.0,140.155
985.0,5.0,60.0,0.025,1.0,0,0.0,1.0,140.74
986.0,5.0,60.0,0.025,1.0,0,0.0,1.0,141.475
987.0,5.0,60.0,0.025,1.0,0,0.0,1.0,142.3
988.0,5.083333333333333,61.0,0.025416666666666667,1.0,0,0.0,1.0,143.13
989.0,5.083333333333333,61.0,0.025416666666666667,1.0,0,0.0,1.0,143.965
990.0,5.083333333333333,61.0,0.025416666666666667,1.0,0,0.0,1.0,144.805
991.0,4.916666666666667,59.0,0.024583333333333332,1.0,0,0.0,1.0,145.435
992.0,4.916666666666667,59.0,0.024583333333333332,1.0,0,0.0,1.0,146.065
993.0,4.916666666666667,59.0,0.024583333333333332,1.0,0,0.0,1.0,146.69
994.0,4.916666666666667,59.0,0.024583333333333332,1.0,0,0.0,1.0,147.31
995.0,4.916666666666667,59.0,0.024583333333333332,1.0,0,0.0,1.0,147.925
996.0,4.916666666666667,59.0,0.024583333333333332,1.0,0,0.0,1.0,148.75
997.0,5.083333333333333,61.0,0.025416666666666667,1.0,0,0.0,1.0,149.575
998.0,4.916666666666667,59.0,0.024583333333333332,1.0,0,0.0,1.0,150.4
999.0,4.916666666666667,59.0,0.024583333333333332,1.0,0,0.0,1.0,151.225
1000.0,4.916666666666667,59.0,0.024583333333333332,1.0,0,0.0,1.0,152.05
1001.0,4.916666666666667,59.0,0.024583333333333332,1.0,0,0.0,1.0,152.875
1002.0,5.0,60.0,0.025,1.0,0,0.0,1.0,153.705
1003.0,5.0,60.0,0.025,1.0,0,0.0,1.0,154.54
1004.0,4.833333333333333,58.0,0.024166666666666666,1.0,0,0.0,1.0,152.375
1005.0,4.5,54.0,0.0225,1.0,0,0.0,1.0,147.21
1006.0,4.166666666666667,50.0,0.020833333333333332,1.0,0,0.0,1.0,139.67
1007.0,3.8333333333333335,46.0,0.019166666666666665,1.0,0,0.0,1.0,130.15
1008.0,3.8333333333333335,46.0,0.019166666666666665,1.0,0,0.0,1.0,119.095
1009.0,3.6666666666666665,44.0,0.018333333333333333,1.0,0,0.0,1.0,109.545
1010.0,3.6666666666666665,44.0,0.018333333333333333,1.0,0,0.0,1.0,101.875
1011.0,3.5,42.0,0.0175,1.0,0,0.0,1.0,94.82
1012.0,3.5,42.0,0.0175,1.0,0,0.0,1.0,89.7
1013.0,4.0,48.0,0.02,1.0,0,0.0,1.0,86.085
1014.0,4.0,48.0,0.02,1.0,0,0.0,1.0,83.94
1015.0,4.0,48.0,0.02,1.0,0,0.0,1.0,82.89
1016.0,4.333333333333333,52.0,0.021666666666666667,1.0,0,0.0,1.0,83.585
1017.0,4.5,54.0,0.0225,1.0,0,0.0,1.0,84.31
1018.0,4.5,54.0,0.0225,1.0,0,0.0,1.0,85.05
1019.0,4.5,54.0,0.0225,1.0,0,0.0,1.0,85.805
1020.0,4.5,54.0,0.0225,1.0,0,0.0,1.0,86.575
1021.0,4.666666666666667,56.0,0.023333333333333334,1.0,0,0.0,1.0,87.35
1022.0,4.666666666666667,56.0,0.023333333333333334,1.0,0,0.0,1.0,88.13
1023.0,4.666666666666667,56.0,0.023333333333333334,1.0,0,0.0,1.0,88.915
1024.0,4.833333333333333,58.0,0.024166666666666666,1.0,0,0.0,1.0,89.71
1025.0,4.833333333333333,58.0,0.024166666666666666,1.0,0,0.0,1.0,90.515
1026.0,5.0,60.0,0.025,1.0,0,0.0,1.0,91.335
1027.0,5.0,60.0,0.025,1.0,0,0.0,1.0,92.165
1028.0,5.0,60.0,0.025,1.0,0,0.0,1.0,93.005
1029.0,5.0,60.0,0.025,1.0,0,0.0,1.0,93.85
1030.0,5.0,60.0,0.025,1.0,0,0.0,1.0,94.7
1031.0,4.833333333333333,58.0,0.024166666666666666,1.0,0,0.0,1.0,94.045
1032.0,4.666666666666667,56.0,0.023333333333333334,1.0,0,0.0,1.0,91.88
1033.0,4.666666666666667,56.0,0.023333333333333334,1.0,0,0.0,1.0,88.065
1034.0,4.5,54.0,0.0225,1.0,0,0.0,1.0,84.335
1035.0,4.5,54.0,0.0225,1.0,0,0.0,1.0,81.89
1036.0,4.666666666666667,56.0,0.023333333333333334,1.0,0,0.0,1.0,81.265
1037.0,4.666666666666667,56.0,0.023333333333333334,1.0,0,0.0,1.0,80.42
1038.0,4.666666666666667,56.0,0.023333333333333334,1.0,0,0.0,1.0,81.19
1039.0,4.666666666666667,56.0,0.023333333333333334,1.0,0,0.0,1.0,81.965
1040.0,4.583333333333333,55.0,0.022916666666666665,1.0,0,0.0,1.0,81.235
1041.0,4.5,54.0,0.0225,1.0,0,0.0,1.0,80.23
1042.0,4.416666666666667,53.0,0.022083333333333333,1.0,0,0.0,1.0,79.01
1043.0,4.416666666666667,53.0,0.022083333333333333,1.0,0,0.0,1.0,77.775
1044.0,4.416666666666667,53.0,0.022083333333333333,1.0,0,0.0,1.0,78.03
1045.0,4.583333333333333,55.0,0.022916666666666665,1.0,0,0.0,1.0,77.845
1046.0,4.5,54.0,0.0225,1.0,0,0.0,1.0,78.35
1047.0,4.583333333333333,55.0,0.022916666666666665,1.0,0,0.0,1.0,79.065
1048.0,4.583333333333333,55.0,0.022916666666666665,1.0,0,0.0,1.0,79.675
1049.0,4.583333333333333,55.0,0.022916666666666665,1.0,0,0.0,1.0,80.215
1050.0,4.583333333333333,55.0,0.022916666666666665,1.0,0,0.0,1.0,80.95
1051.0,4.75,57.0,0.02375,1.0,0,0.0,1.0,81.695
1052.0,4.75,57.0,0.02375,1.0,0,0.0,1.0,82.445
1053.0,4.75,57.0,0.02375,1.0,0,0.0,1.0,83.2
1054.0,4.833333333333333,58.0,0.024166666666666666,1.0,0,0.0,1.0,82.675
1055.0,4.75,57.0,0.02375,1.0,0,0.0,1.0,81.685
1056.0,4.916666666666667,59.0,0.024583333333333332,1.0,0,0.0,1.0,80.55
1057.0,5.083333333333333,61.0,0.025416666666666667,1.0,0,0.0,1.0,79.415
1058.0,4.833333333333333,58.0,0.024166666666666666,1.0,0,0.0,1.0,79.785
1059.0,4.666666666666667,56.0,0.023333333333333334,1.0,0,0.0,1.0,80.125
1060.0,4.833333333333333,58.0,0.024166666666666666,1.0,0,0.0,1.0,80.875
1061.0,4.833333333333333,58.0,0.024166666666666666,1.0,0,0.0,1.0,82.135
1062.0,5.166666666666667,62.0,0.025833333333333333,1.0,0,0.0,1.0,84.285
1063.0,5.166666666666667,62.0,0.025833333333333333,1.0,0,0.0,1.0,85.285
1064.0,5.166666666666667,62.0,0.025833333333333333,1.0,0,0.0,1.0,86.11
1065.0,5.166666666666667,62.0,0.025833333333333333,1.0,0,0.0,1.0,87.075
1066.0,5.166666666666667,62.0,0.025833333333333333,1.0,0,0.0,1.0,87.925
1067.0,5.166666666666667,62.0,0.025833333333333333,1.0,0,0.0,1.0,88.775
1068.0,5.166666666666667,62.0,0.025833333333333333,1.0,0,0.0,1.0,89.625
1069.0,5.5,66.0,0.0275,1.0,0,0.0,1.0,90.48
1070.0,5.333333333333333,64.0,0.02666666666666667,1.0,0,0.0,1.0,91.34
1071.0,5.333333333333333,64.0,0.02666666666666667,1.0,0,0.0,1.0,92.205
1072.0,5.333333333333333,64.0,0.02666666666666667,1.0,0,0.0,1.0,93.075
1073.0,5.333333333333333,64.0,0.02666666666666667,1.0,0,0.0,1.0,93.95
1074.0,5.333333333333333,64.0,0.02666666666666667,1.0,0,0.0,1.0,94.825
1075.0,5.333333333333333,64.0,0.02666666666666667,1.0,0,0.0,1.0,95.7
1076.0,5.333333333333333,64.0,0.02666666666666667,1.0,0,0.0,1.0,96.575
1077.0,5.5,66.0,0.0275,1.0,0,0.0,1.0,97.455
1078.0,5.5,66.0,0.0275,1.0,0,0.0,1.0,98.34
1079.0,5.5,66.0,0.0275,1.0,0,0.0,1.0,99.23
1080.0,5.5,66.0,0.0275,1.0,0,0.0,1.0,100.125
1081.0,5.416666666666667,65.0,0.027083333333333334,1.0,0,0.0,1.0,100.715
1082.0,5.166666666666667,62.0,0.025833333333333333,1.0,0,0.0,1.0,100.0
1083.0,5.0,60.0,0.025,1.0,0,0.0,1.0,97.465
1084.0,4.833333333333333,58.0,0.024166666666666666,1.0,0,0.0,1.0,94.21
1085.0,4.666666666666667,56.0,0.023333333333333334,1.0,0,0.0,1.0,90.19
1086.0,4.666666666666667,56.0,0.023333333333333334,1.0,0,0.0,1.0,86.58
1087.0,4.666666666666667,56.0,0.023333333333333334,1.0,0,0.0,1.0,84.125
1088.0,5.0,60.0,0.025,1.0,0,0.0,1.0,83.4
1089.0,5.166666666666667,62.0,0.025833333333333333,1.0,0,0.0,1.0,83.46
1090.0,5.333333333333333,64.0,0.02666666666666667,1.0,0,0.0,1.0,84.28
1091.0,5.333333333333333,64.0,0.02666666666666667,1.0,0,0.0,1.0,85.17
1092.0,5.333333333333333,64.0,0.02666666666666667,1.0,0,0.0,1.0,86.035
1093.0,5.5,66.0,0.0275,1.0,0,0.0,1.0,86.915
1094.0,5.333333333333333,64.0,0.02666666666666667,1.0,0,0.0,1.0,87.8
1095.0,5.333333333333333,64.0,0.02666666666666667,1.0,0,0.0,1.0,88.615
1096.0,5.333333333333333,64.0,0.02666666666666667,1.0,0,0.0,1.0,89.475
1097.0,5.333333333333333,64.0,0.02666666666666667,1.0,0,0.0,1.0,90.35
1098.0,5.333333333333333,64.0,0.02666666666666667,1.0,0,0.0,1.0,91.225
1099.0,5.333333333333333,64.0,0.02666666666666667,1.0,0,0.0,1.0,92.1
1100.0,5.5,66.0,0.0275,1.0,0,0.0,1.0,92.98
1101.0,5.5,66.0,0.0275,1.0,0,0.0,1.0,93.91
1102.0,5.333333333333333,64.0,0.02666666666666667,1.0,0,0.0,1.0,93.405
1103.0,5.166666666666667,62.0,0.025833333333333333,1.0,0,0.0,1.0,91.3
1104.0,5.0,60.0,0.025,1.0,0,0.0,1.0,87.69
1105.0,4.916666666666667,59.0,0.024583333333333332,1.0,0,0.0,1.0,83.09
1106.0,4.666666666666667,56.0,0.023333333333333334,1.0,0,0.0,1.0,78.09
1107.0,4.833333333333333,58.0,0.024166666666666666,1.0,0,0.0,1.0,74.62
1108.0,4.833333333333333,58.0,0.024166666666666666,1.0,0,0.0,1.0,72.685
1109.0,4.833333333333333,58.0,0.024166666666666666,1.0,0,0.0,1.0,72.255
1110.0,5.0,60.0,0.025,1.0,0,0.0,1.0,72.805
1111.0,5.0,60.0,0.025,1.0,0,0.0,1.0,73.615
1112.0,5.166666666666667,62.0,0.025833333333333333,1.0,0,0.0,1.0,74.435
1113.0,5.333333333333333,64.0,0.02666666666666667,1.0,0,0.0,1.0,75.315
1114.0,5.333333333333333,64.0,0.02666666666666667,1.0,0,0.0,1.0,76.28
1115.0,5.333333333333333,64.0,0.02666666666666667,1.0,0,0.0,1.0,77.32
1116.0,5.166666666666667,62.0,0.025833333333333333,1.0,0,0.0,1.0,78.005
1117.0,5.0,60.0,0.025,1.0,0,0.0,1.0,77.005
1118.0,5.0,60.0,0.025,1.0,0,0.0,1.0,76.04
1119.0,5.0,60.0,0.025,1.0,0,0.0,1.0,75.115
1120.0,5.0,60.0,0.025,1.0,0,0.0,1.0,74.25
1121.0,5.0,60.0,0.025,1.0,0,0.0,1.0,73.575
1122.0,5.0,60.0,0.025,1.0,0,0.0,1.0,74.4
1123.0,5.0,60.0,0.025,1.0,0,0.0,1.0,75.225
1124.0,5.166666666666667,62.0,0.025833333333333333,1.0,0,0.0,1.0,76.055
1125.0,5.166666666666667,62.0,0.025833333333333333,1.0,0,0.0,1.0,76.89
1126.0,5.0,60.0,0.025,1.0,0,0.0,1.0,77.715
1127.0,5.166666666666667,62.0,0.025833333333333333,1.0,0,0.0,1.0,78.545
1128.0,5.333333333333333,64.0,0.02666666666666667,1.0,0,0.0,1.0,79.385
1129.0,5.5,66.0,0.0275,1.0,0,0.0,1.0,79.78
1130.0,5.333333333333333,64.0,0.02666666666666667,1.0,0,0.0,1.0,80.07
1131.0,5.333333333333333,64.0,0.02666666666666667,1.0,0,0.0,1.0,80.07
1132.0,5.333333333333333,64.0,0.02666666666666667,1.0,0,0.0,1.0,80.85
1133.0,5.333333333333333,64.0,0.02666666666666667,1.0,0,0.0,1.0,81.165
1134.0,5.5,66.0,0.0275,1.0,0,0.0,1.0,82.02
1135.0,5.5,66.0,0.0275,1.0,0,0.0,1.0,82.88
1136.0,5.5,66.0,0.0275,1.0,0,0.0,1.0,83.745
1137.0,5.5,66.0,0.0275,1.0,0,0.0,1.0,84.615
1138.0,5.5,66.0,0.0275,1.0,0,0.0,1.0,85.49
1139.0,5.5,66.0,0.0275,1.0,0,0.0,1.0,86.365
1140.0,5.5,66.0,0.0275,1.0,0,0.0,1.0,87.24
1141.0,5.666666666666667,68.0,0.028333333333333332,1.0,0,0.0,1.0,87.465
1142.0,5.5,66.0,0.0275,1.0,0,0.0,1.0,88.175
1143.0,5.5,66.0,0.0275,1.0,0,0.0,1.0,88.785
1144.0,5.5,66.0,0.0275,1.0,0,0.0,1.0,89.645
1145.0,5.5,66.0,0.0275,1.0,0,0.0,1.0,89.13
1146.0,5.5,66.0,0.0275,1.0,0,0.0,1.0,89.985
1147.0,5.5,66.0,0.0275,1.0,0,0.0,1.0,90.84
1148.0,5.5,66.0,0.0275,1.0,0,0.0,1.0,93.085
1149.0,5.5,66.0,0.0275,1.0,0,0.0,1.0,93.945
1150.0,5.666666666666667,68.0,0.028333333333333332,1.0,0,0.0,1.0,95.1
1151.0,5.666666666666667,68.0,0.028333333333333332,1.0,0,0.0,1.0,96.18
1152.0,5.833333333333333,70.0,0.029166666666666667,1.0,0,0.0,1.0,97.775
1153.0,6.0,72.0,0.03,1.0,0,0.0,1.0,97.97
1154.0,5.833333333333333,70.0,0.029166666666666667,1.0,0,0.0,1.0,98.66
1155.0,5.833333333333333,70.0,0.029166666666666667,1.0,0,0.0,1.0,99.255
1156.0,5.833333333333333,70.0,0.029166666666666667,1.0,0,0.0,1.0,98.735
1157.0,5.833333333333333,70.0,0.029166666666666667,1.0,0,0.0,1.0,98.635
1158.0,6.0,72.0,0.03,1.0,0,0.0,1.0,99.54
1159.0,6.0,72.0,0.03,1.0,0,0.0,1.0,100.45
1160.0,6.0,72.0,0.03,1.0,0,0.0,1.0,101.365
1161.0,6.0,72.0,0.03,1.0,0,0.0,1.0,102.285
1162.0,6.0,72.0,0.03,1.0,0,0.0,1.0,103.21
1163.0,6.0,72.0,0.03,1.0,0,0.0,1.0,104.135
1164.0,6.0,72.0,0.03,1.0,0,0.0,1.0,105.06
1165.0,6.166666666666667,74.0,0.030833333333333334,1.0,0,0.0,1.0,105.245
1166.0,6.083333333333333,73.0,0.030416666666666668,1.0,0,0.0,1.0,103.935
1167.0,6.0,72.0,0.03,1.0,0,0.0,1.0,101.085
1168.0,5.75,69.0,0.02875,1.0,0,0.0,1.0,97.175
1169.0,5.75,69.0,0.02875,1.0,0,0.0,1.0,93.63
1170.0,5.75,69.0,0.02875,1.0,0,0.0,1.0,90.46
1171.0,5.25,63.0,0.02625,1.0,0,0.0,1.0,90.31
1172.0,5.25,63.0,0.02625,1.0,0,0.0,1.0,90.12
1173.0,5.333333333333333,64.0,0.02666666666666667,1.0,0,0.0,1.0,90.58
1174.0,5.333333333333333,64.0,0.02666666666666667,1.0,0,0.0,1.0,91.03
1175.0,5.333333333333333,64.0,0.02666666666666667,1.0,0,0.0,1.0,91.47
1176.0,5.333333333333333,64.0,0.02666666666666667,1.0,0,0.0,1.0,92.265
1177.0,5.333333333333333,64.0,0.02666666666666667,1.0,0,0.0,1.0,92.275
1178.0,5.333333333333333,64.0,0.02666666666666667,1.0,0,0.0,1.0,92.25
1179.0,5.333333333333333,64.0,0.02666666666666667,1.0,0,0.0,1.0,92.6
1180.0,5.333333333333333,64.0,0.02666666666666667,1.0,0,0.0,1.0,92.55
1181.0,5.333333333333333,64.0,0.02666666666666667,1.0,0,0.0,1.0,93.33
1182.0,5.333333333333333,64.0,0.02666666666666667,1.0,0,0.0,1.0,94.11
1183.0,5.333333333333333,64.0,0.02666666666666667,1.0,0,0.0,1.0,94.89
1184.0,5.333333333333333,64.0,0.02666666666666667,1.0,0,0.0,1.0,95.67
1185.0,5.333333333333333,64.0,0.02666666666666667,1.0,0,0.0,1.0,96.45
1186.0,5.333333333333333,64.0,0.02666666666666667,1.0,0,0.0,1.0,98.095
1187.0,5.333333333333333,64.0,0.02666666666666667,1.0,0,0.0,1.0,99.36
1188.0,5.583333333333333,67.0,0.027916666666666666,1.0,0,0.0,1.0,101.03
1189.0,5.75,69.0,0.02875,1.0,0,0.0,1.0,101.845
1190.0,5.583333333333333,67.0,0.027916666666666666,1.0,0,0.0,1.0,101.79
1191.0,5.583333333333333,67.0,0.027916666666666666,1.0,0,0.0,1.0,102.12
1192.0,5.416666666666667,65.0,0.027083333333333334,1.0,0,0.0,1.0,102.035
1193.0,5.416666666666667,65.0,0.027083333333333334,1.0,0,0.0,1.0,102.825
1194.0,5.416666666666667,65.0,0.027083333333333334,1.0,0,0.0,1.0,103.615
1195.0,5.416666666666667,65.0,0.027083333333333334,1.0,0,0.0,1.0,104.4
1196.0,5.416666666666667,65.0,0.027083333333333334,1.0,0,0.0,1.0,105.18
1197.0,5.416666666666667,65.0,0.027083333333333334,1.0,0,0.0,1.0,105.98
1198.0,5.416666666666667,65.0,0.027083333333333334,1.0,0,0.0,1.0,106.78
1199.0,5.416666666666667,65.0,0.027083333333333334,1.0,0,0.0,1.0,107.58
1200.0,5.416666666666667,65.0,0.027083333333333334,1.0,0,0.0,1.0,108.38
1201.0,5.5,66.0,0.0275,1.0,0,0.0,1.0,109.18
1202.0,5.416666666666667,65.0,0.027083333333333334,1.0,0,0.0,1.0,109.05
1203.0,5.416666666666667,65.0,0.027083333333333334,1.0,0,0.0,1.0,108.91
1204.0,5.416666666666667,65.0,0.027083333333333334,1.0,0,0.0,1.0,109.245
1205.0,5.416666666666667,65.0,0.027083333333333334,1.0,0,0.0,1.0,110.03
1206.0,5.416666666666667,65.0,0.027083333333333334,1.0,0,0.0,1.0,111.28
1207.0,5.416666666666667,65.0,0.027083333333333334,1.0,0,0.0,1.0,113.025
1208.0,5.583333333333333,67.0,0.027916666666666666,1.0,0,0.0,1.0,114.785
1209.0,5.583333333333333,67.0,0.027916666666666666,1.0,0,0.0,1.0,115.595
1210.0,5.583333333333333,67.0,0.027916666666666666,1.0,0,0.0,1.0,116.505
1211.0,5.583333333333333,67.0,0.027916666666666666,1.0,0,0.0,1.0,117.33
1212.0,5.583333333333333,67.0,0.027916666666666666,1.0,0,0.0,1.0,118.16
1213.0,5.75,69.0,0.02875,1.0,0,0.0,1.0,118.88
1214.0,5.583333333333333,67.0,0.027916666666666666,1.0,0,0.0,1.0,119.705
1215.0,5.583333333333333,67.0,0.027916666666666666,1.0,0,0.0,1.0,119.535
1216.0,5.583333333333333,67.0,0.027916666666666666,1.0,0,0.0,1.0,119.355
1217.0,5.583333333333333,67.0,0.027916666666666666,1.0,0,0.0,1.0,121.175
1218.0,5.583333333333333,67.0,0.027916666666666666,1.0,0,0.0,1.0,123.005
1219.0,5.583333333333333,67.0,0.027916666666666666,1.0,0,0.0,1.0,123.83
1220.0,5.583333333333333,67.0,0.027916666666666666,1.0,0,0.0,1.0,124.8
1221.0,5.75,69.0,0.02875,1.0,0,0.0,1.0,126.675
1222.0,5.75,69.0,0.02875,1.0,0,0.0,1.0,128.175
1223.0,5.75,69.0,0.02875,1.0,0,0.0,1.0,130.075
1224.0,5.75,69.0,0.02875,1.0,0,0.0,1.0,131.965
1225.0,5.916666666666667,71.0,0.029583333333333333,1.0,0,0.0,1.0,132.835
1226.0,5.75,69.0,0.02875,1.0,0,0.0,1.0,133.705
1227.0,5.916666666666667,71.0,0.029583333333333333,1.0,0,0.0,1.0,133.54
1228.0,5.916666666666667,71.0,0.029583333333333333,1.0,0,0.0,1.0,133.345
1229.0,5.916666666666667,71.0,0.029583333333333333,1.0,0,0.0,1.0,134.22
1230.0,5.916666666666667,71.0,0.029583333333333333,1.0,0,0.0,1.0,135.1
1231.0,5.916666666666667,71.0,0.029583333333333333,1.0,0,0.0,1.0,135.985
1232.0,5.916666666666667,71.0,0.029583333333333333,1.0,0,0.0,1.0,136.87
1233.0,5.916666666666667,71.0,0.029583333333333333,1.0,0,0.0,1.0,137.755
1234.0,5.916666666666667,71.0,0.029583333333333333,1.0,0,0.0,1.0,138.64
1235.0,5.916666666666667,71.0,0.029583333333333333,1.0,0,0.0,1.0,139.525
1236.0,5.916666666666667,71.0,0.029583333333333333,1.0,0,0.0,1.0,140.41
1237.0,5.833333333333333,70.0,0.029166666666666667,1.0,0,0.0,1.0,140.51
1238.0,5.75,69.0,0.02875,1.0,0,0.0,1.0,140.205
1239.0,5.75,69.0,0.02875,1.0,0,0.0,1.0,140.775
1240.0,5.75,69.0,0.02875,1.0,0,0.0,1.0,140.455
1241.0,5.75,69.0,0.02875,1.0,0,0.0,1.0,141.245
1242.0,5.75,69.0,0.02875,1.0,0,0.0,1.0,142.085
1243.0,5.75,69.0,0.02875,1.0,0,0.0,1.0,142.925
1244.0,5.75,69.0,0.02875,1.0,0,0.0,1.0,143.765
1245.0,5.75,69.0,0.02875,1.0,0,0.0,1.0,144.605
1246.0,5.75,69.0,0.02875,1.0,0,0.0,1.0,145.445
1247.0,5.75,69.0,0.02875,1.0,0,0.0,1.0,146.285
1248.0,5.75,69.0,0.02875,1.0,0,0.0,1.0,147.125
1249.0,5.916666666666667,71.0,0.029583333333333333,1.0,0,0.0,1.0,146.8
1250.0,5.75,69.0,0.02875,1.0,0,0.0,1.0,146.95
1251.0,5.75,69.0,0.02875,1.0,0,0.0,1.0,147.1
1252.0,5.75,69.0,0.02875,1.0,0,0.0,1.0,147.545
1253.0,5.583333333333333,67.0,0.027916666666666666,1.0,0,0.0,1.0,146.86
1254.0,5.416666666666667,65.0,0.027083333333333334,1.0,0,0.0,1.0,145.065
1255.0,5.25,63.0,0.02625,1.0,0,0.0,1.0,142.595
1256.0,5.25,63.0,0.02625,1.0,0,0.0,1.0,141.33
1257.0,5.25,63.0,0.02625,1.0,0,0.0,1.0,141.185
1258.0,5.25,63.0,0.02625,1.0,0,0.0,1.0,143.06
1259.0,5.416666666666667,65.0,0.027083333333333334,1.0,0,0.0,1.0,144.11
1260.0,5.416666666666667,65.0,0.027083333333333334,1.0,0,0.0,1.0,144.92
1261.0,5.5,66.0,0.0275,1.0,0,0.0,1.0,144.3
1262.0,5.416666666666667,65.0,0.027083333333333334,1.0,0,0.0,1.0,144.06
1263.0,5.583333333333333,67.0,0.027916666666666666,1.0,0,0.0,1.0,143.43
1264.0,5.666666666666667,68.0,0.028333333333333332,1.0,0,0.0,1.0,143.69
1265.0,5.666666666666667,68.0,0.028333333333333332,1.0,0,0.0,1.0,144.525
1266.0,5.666666666666667,68.0,0.028333333333333332,1.0,0,0.0,1.0,145.37
1267.0,5.666666666666667,68.0,0.028333333333333332,1.0,0,0.0,1.0,146.605
1268.0,5.666666666666667,68.0,0.028333333333333332,1.0,0,0.0,1.0,148.74
1269.0,5.666666666666667,68.0,0.028333333333333332,1.0,0,0.0,1.0,150.495
1270.0,5.666666666666667,68.0,0.028333333333333332,1.0,0,0.0,1.0,152.645
1271.0,5.666666666666667,68.0,0.028333333333333332,1.0,0,0.0,1.0,153.52
1272.0,5.666666666666667,68.0,0.028333333333333332,1.0,0,0.0,1.0,154.395
1273.0,5.666666666666667,68.0,0.028333333333333332,1.0,0,0.0,1.0,153.975
1274.0,5.666666666666667,68.0,0.028333333333333332,1.0,0,0.0,1.0,154.845
1275.0,5.666666666666667,68.0,0.028333333333333332,1.0,0,0.0,1.0,155.715
1276.0,5.666666666666667,68.0,0.028333333333333332,1.0,0,0.0,1.0,156.585
1277.0,5.666666666666667,68.0,0.028333333333333332,1.0,0,0.0,1.0,158.77
1278.0,5.666666666666667,68.0,0.028333333333333332,1.0,0,0.0,1.0,160.94
1279.0,5.666666666666667,68.0,0.028333333333333332,1.0,0,0.0,1.0,161.82
1280.0,5.666666666666667,68.0,0.028333333333333332,1.0,0,0.0,1.0,162.7
1281.0,5.666666666666667,68.0,0.028333333333333332,1.0,0,0.0,1.0,163.58
1282.0,5.666666666666667,68.0,0.028333333333333332,1.0,0,0.0,1.0,164.46
1283.0,5.666666666666667,68.0,0.028333333333333332,1.0,0,0.0,1.0,165.34
1284.0,5.666666666666667,68.0,0.028333333333333332,1.0,0,0.0,1.0,166.22
1285.0,5.666666666666667,68.0,0.028333333333333332,1.0,0,0.0,1.0,165.77
1286.0,5.833333333333333,70.0,0.029166666666666667,1.0,0,0.0,1.0,165.29
1287.0,5.833333333333333,70.0,0.029166666666666667,1.0,0,0.0,1.0,165.19
1288.0,5.833333333333333,70.0,0.029166666666666667,1.0,0,0.0,1.0,164.695
1289.0,5.833333333333333,70.0,0.029166666666666667,1.0,0,0.0,1.0,165.575
1290.0,5.833333333333333,70.0,0.029166666666666667,1.0,0,0.0,1.0,166.455
1291.0,5.833333333333333,70.0,0.029166666666666667,1.0,0,0.0,1.0,167.335
1292.0,5.833333333333333,70.0,0.029166666666666667,1.0,0,0.0,1.0,168.215
1293.0,5.833333333333333,70.0,0.029166666666666667,1.0,0,0.0,1.0,169.095
1294.0,5.833333333333333,70.0,0.029166666666666667,1.0,0,0.0,1.0,169.975
1295.0,5.833333333333333,70.0,0.029166666666666667,1.0,0,0.0,1.0,170.855
1296.0,6.0,72.0,0.03,1.0,0,0.0,1.0,171.74
1297.0,6.0,72.0,0.03,1.0,0,0.0,1.0,172.1
1298.0,6.0,72.0,0.03,1.0,0,0.0,1.0,171.58
1299.0,6.0,72.0,0.03,1.0,0,0.0,1.0,171.055
1300.0,6.0,72.0,0.03,1.0,0,0.0,1.0,171.005
1301.0,6.0,72.0,0.03,1.0,0,0.0,1.0,171.885
1302.0,6.083333333333333,73.0,0.030416666666666668,1.0,0,0.0,1.0,172.77
1303.0,5.916666666666667,71.0,0.029583333333333333,1.0,0,0.0,1.0,173.57
1304.0,5.916666666666667,71.0,0.029583333333333333,1.0,0,0.0,1.0,174.37
1305.0,5.916666666666667,71.0,0.029583333333333333,1.0,0,0.0,1.0,175.17
1306.0,5.916666666666667,71.0,0.029583333333333333,1.0,0,0.0,1.0,175.965
1307.0,5.916666666666667,71.0,0.029583333333333333,1.0,0,0.0,1.0,176.845
1308.0,5.75,69.0,0.02875,1.0,0,0.0,1.0,176.22
1309.0,5.75,69.0,0.02875,1.0,0,0.0,1.0,173.515
1310.0,5.583333333333333,67.0,0.027916666666666666,1.0,0,0.0,1.0,169.995
1311.0,5.25,63.0,0.02625,1.0,0,0.0,1.0,164.7
1312.0,5.083333333333333,61.0,0.025416666666666667,1.0,0,0.0,1.0,159.39
1313.0,4.75,57.0,0.02375,1.0,0,0.0,1.0,152.855
1314.0,4.416666666666667,53.0,0.022083333333333333,1.0,0,0.0,1.0,143.88
1315.0,4.083333333333333,49.0,0.020416666666666666,1.0,0,0.0,1.0,133.85
1316.0,3.9166666666666665,47.0,0.019583333333333335,1.0,0,0.0,1.0,123.92
1317.0,3.9166666666666665,47.0,0.019583333333333335,1.0,0,0.0,1.0,114.95
1318.0,3.9166666666666665,47.0,0.019583333333333335,1.0,0,0.0,1.0,106.115
1319.0,3.9166666666666665,47.0,0.019583333333333335,1.0,0,0.0,1.0,97.685
1320.0,4.083333333333333,49.0,0.020416666666666666,1.0,0,0.0,1.0,91.88
1321.0,4.333333333333333,52.0,0.021666666666666667,1.0,0,0.0,1.0,87.33
1322.0,4.416666666666667,53.0,0.022083333333333333,1.0,0,0.0,1.0,83.585
1323.0,4.416666666666667,53.0,0.022083333333333333,1.0,0,0.0,1.0,80.795
1324.0,4.583333333333333,55.0,0.022916666666666665,1.0,0,0.0,1.0,78.83
1325.0,5.25,63.0,0.02625,1.0,0,0.0,1.0,77.645
1326.0,5.583333333333333,67.0,0.027916666666666666,1.0,0,0.0,1.0,78.32
1327.0,5.583333333333333,67.0,0.027916666666666666,1.0,0,0.0,1.0,77.98
1328.0,5.75,69.0,0.02875,1.0,0,0.0,1.0,78.795
1329.0,5.75,69.0,0.02875,1.0,0,0.0,1.0,79.635
1330.0,5.75,69.0,0.02875,1.0,0,0.0,1.0,80.49
1331.0,5.833333333333333,70.0,0.029166666666666667,1.0,0,0.0,1.0,81.355
1332.0,5.833333333333333,70.0,0.029166666666666667,1.0,0,0.0,1.0,82.225
1333.0,5.833333333333333,70.0,0.029166666666666667,1.0,0,0.0,1.0,82.01
1334.0,5.833333333333333,70.0,0.029166666666666667,1.0,0,0.0,1.0,82.095
1335.0,5.833333333333333,70.0,0.029166666666666667,1.0,0,0.0,1.0,82.91
1336.0,5.666666666666667,68.0,0.028333333333333332,1.0,0,0.0,1.0,82.27
1337.0,5.5,66.0,0.0275,1.0,0,0.0,1.0,81.295
1338.0,5.5,66.0,0.0275,1.0,0,0.0,1.0,81.06
1339.0,5.666666666666667,68.0,0.028333333333333332,1.0,0,0.0,1.0,81.135
1340.0,5.666666666666667,68.0,0.028333333333333332,1.0,0,0.0,1.0,82.73
1341.0,5.666666666666667,68.0,0.028333333333333332,1.0,0,0.0,1.0,84.82
1342.0,5.833333333333333,70.0,0.029166666666666667,1.0,0,0.0,1.0,85.8
1343.0,5.833333333333333,70.0,0.029166666666666667,1.0,0,0.0,1.0,87.44
1344.0,5.833333333333333,70.0,0.029166666666666667,1.0,0,0.0,1.0,88.33
1345.0,5.833333333333333,70.0,0.029166666666666667,1.0,0,0.0,1.0,88.455
1346.0,5.75,69.0,0.02875,1.0,0,0.0,1.0,87.715
1347.0,5.666666666666667,68.0,0.028333333333333332,1.0,0,0.0,1.0,83.935
1348.0,5.5,66.0,0.0275,1.0,0,0.0,1.0,80.5
1349.0,5.5,66.0,0.0275,1.0,0,0.0,1.0,79.4
1350.0,5.5,66.0,0.0275,1.0,0,0.0,1.0,78.78
1351.0,5.166666666666667,62.0,0.025833333333333333,1.0,0,0.0,1.0,77.795
1352.0,5.166666666666667,62.0,0.025833333333333333,1.0,0,0.0,1.0,79.005
1353.0,5.166666666666667,62.0,0.025833333333333333,1.0,0,0.0,1.0,81.105
1354.0,5.166666666666667,62.0,0.025833333333333333,1.0,0,0.0,1.0,81.5
1355.0,5.166666666666667,62.0,0.025833333333333333,1.0,0,0.0,1.0,82.23
1356.0,5.166666666666667,62.0,0.025833333333333333,1.0,0,0.0,1.0,83.025
1357.0,5.333333333333333,64.0,0.02666666666666667,1.0,0,0.0,1.0,82.1
1358.0,5.166666666666667,62.0,0.025833333333333333,1.0,0,0.0,1.0,82.055
1359.0,5.166666666666667,62.0,0.025833333333333333,1.0,0,0.0,1.0,82.645
1360.0,5.166666666666667,62.0,0.025833333333333333,1.0,0,0.0,1.0,83.425
1361.0,5.166666666666667,62.0,0.025833333333333333,1.0,0,0.0,1.0,84.41
1362.0,5.083333333333333,61.0,0.025416666666666667,1.0,0,0.0,1.0,84.545
1363.0,5.083333333333333,61.0,0.025416666666666667,1.0,0,0.0,1.0,86.935
1364.0,5.083333333333333,61.0,0.025416666666666667,1.0,0,0.0,1.0,86.385
1365.0,5.083333333333333,61.0,0.025416666666666667,1.0,0,0.0,1.0,85.89
1366.0,5.083333333333333,61.0,0.025416666666666667,1.0,0,0.0,1.0,85.335
1367.0,5.0,60.0,0.025,1.0,0,0.0,1.0,87.41
1368.0,5.0,60.0,0.025,1.0,0,0.0,1.0,89.465
1369.0,5.333333333333333,64.0,0.02666666666666667,1.0,0,0.0,1.0,90.505
1370.0,5.166666666666667,62.0,0.025833333333333333,1.0,0,0.0,1.0,91.32
1371.0,5.166666666666667,62.0,0.025833333333333333,1.0,0,0.0,1.0,92.14
1372.0,5.166666666666667,62.0,0.025833333333333333,1.0,0,0.0,1.0,92.965
1373.0,5.166666666666667,62.0,0.025833333333333333,1.0,0,0.0,1.0,93.795
1374.0,5.166666666666667,62.0,0.025833333333333333,1.0,0,0.0,1.0,94.625
1375.0,5.166666666666667,62.0,0.025833333333333333,1.0,0,0.0,1.0,95.455
1376.0,5.166666666666667,62.0,0.025833333333333333,1.0,0,0.0,1.0,96.285
1377.0,5.166666666666667,62.0,0.025833333333333333,1.0,0,0.0,1.0,97.115
1378.0,5.166666666666667,62.0,0.025833333333333333,1.0,0,0.0,1.0,97.945
1379.0,5.166666666666667,62.0,0.025833333333333333,1.0,0,0.0,1.0,98.775
1380.0,5.166666666666667,62.0,0.025833333333333333,1.0,0,0.0,1.0,99.605
1381.0,5.333333333333333,64.0,0.02666666666666667,1.0,0,0.0,1.0,100.435
1382.0,5.166666666666667,62.0,0.025833333333333333,1.0,0,0.0,1.0,100.965
1383.0,5.333333333333333,64.0,0.02666666666666667,1.0,0,0.0,1.0,100.46
1384.0,5.333333333333333,64.0,0.02666666666666667,1.0,0,0.0,1.0,101.23
1385.0,5.333333333333333,64.0,0.02666666666666667,1.0,0,0.0,1.0,102.06
1386.0,5.166666666666667,62.0,0.025833333333333333,1.0,0,0.0,1.0,102.805
1387.0,5.166666666666667,62.0,0.025833333333333333,1.0,0,0.0,1.0,103.545
1388.0,5.0,60.0,0.025,1.0,0,0.0,1.0,102.775
1389.0,5.0,60.0,0.025,1.0,0,0.0,1.0,100.1
1390.0,5.0,60.0,0.025,1.0,0,0.0,1.0,95.62
1391.0,5.0,60.0,0.025,1.0,0,0.0,1.0,91.135
1392.0,5.0,60.0,0.025,1.0,0,0.0,1.0,86.645
1393.0,5.25,63.0,0.02625,1.0,0,0.0,1.0,82.035
1394.0,5.166666666666667,62.0,0.025833333333333333,1.0,0,0.0,1.0,80.43
1395.0,5.333333333333333,64.0,0.02666666666666667,1.0,0,0.0,1.0,80.645
1396.0,5.333333333333333,64.0,0.02666666666666667,1.0,0,0.0,1.0,81.235
1397.0,5.333333333333333,64.0,0.02666666666666667,1.0,0,0.0,1.0,82.42
1398.0,5.333333333333333,64.0,0.02666666666666667,1.0,0,0.0,1.0,83.555
1399.0,5.333333333333333,64.0,0.02666666666666667,1.0,0,0.0,1.0,85.825
1400.0,5.333333333333333,64.0,0.02666666666666667,1.0,0,0.0,1.0,86.655
1401.0,5.333333333333333,64.0,0.02666666666666667,1.0,0,0.0,1.0,87.485
1402.0,5.333333333333333,64.0,0.02666666666666667,1.0,0,0.0,1.0,88.315
1403.0,5.333333333333333,64.0,0.02666666666666667,1.0,0,0.0,1.0,90.985
1404.0,5.333333333333333,64.0,0.02666666666666667,1.0,0,0.0,1.0,91.825
1405.0,5.833333333333333,70.0,0.029166666666666667,1.0,0,0.0,1.0,92.74
1406.0,5.666666666666667,68.0,0.028333333333333332,1.0,0,0.0,1.0,93.655
1407.0,5.5,66.0,0.0275,1.0,0,0.0,1.0,93.03
1408.0,5.333333333333333,64.0,0.02666666666666667,1.0,0,0.0,1.0,90.855
1409.0,5.166666666666667,62.0,0.025833333333333333,1.0,0,0.0,1.0,87.155
1410.0,5.0,60.0,0.025,1.0,0,0.0,1.0,82.03
1411.0,5.166666666666667,62.0,0.025833333333333333,1.0,0,0.0,1.0,76.89
1412.0,5.25,63.0,0.02625,1.0,0,0.0,1.0,73.245
1413.0,5.416666666666667,65.0,0.027083333333333334,1.0,0,0.0,1.0,71.095
1414.0,5.583333333333333,67.0,0.027916666666666666,1.0,0,0.0,1.0,70.445
1415.0,5.583333333333333,67.0,0.027916666666666666,1.0,0,0.0,1.0,71.3
1416.0,5.583333333333333,67.0,0.027916666666666666,1.0,0,0.0,1.0,72.17
1417.0,5.25,63.0,0.02625,1.0,0,0.0,1.0,72.705
1418.0,5.166666666666667,62.0,0.025833333333333333,1.0,0,0.0,1.0,73.22
1419.0,5.166666666666667,62.0,0.025833333333333333,1.0,0,0.0,1.0,73.74
1420.0,5.166666666666667,62.0,0.025833333333333333,1.0,0,0.0,1.0,73.765
1421.0,5.166666666666667,62.0,0.025833333333333333,1.0,0,0.0,1.0,74.535
1422.0,5.166666666666667,62.0,0.025833333333333333,1.0,0,0.0,1.0,75.365
1423.0,5.166666666666667,62.0,0.025833333333333333,1.0,0,0.0,1.0,76.7
1424.0,5.333333333333333,64.0,0.02666666666666667,1.0,0,0.0,1.0,77.535
1425.0,5.333333333333333,64.0,0.02666666666666667,1.0,0,0.0,1.0,78.37
1426.0,5.416666666666667,65.0,0.027083333333333334,1.0,0,0.0,1.0,79.275
1427.0,5.25,63.0,0.02625,1.0,0,0.0,1.0,80.055
1428.0,5.333333333333333,64.0,0.02666666666666667,1.0,0,0.0,1.0,80.84
1429.0,5.416666666666667,65.0,0.027083333333333334,1.0,0,0.0,1.0,81.625
1430.0,5.333333333333333,64.0,0.02666666666666667,1.0,0,0.0,1.0,82.335
1431.0,5.0,60.0,0.025,1.0,0,0.0,1.0,82.94
1432.0,5.0,60.0,0.025,1.0,0,0.0,1.0,83.415
1433.0,5.0,60.0,0.025,1.0,0,0.0,1.0,83.88
1434.0,5.166666666666667,62.0,0.025833333333333333,1.0,0,0.0,1.0,84.34
1435.0,5.166666666666667,62.0,0.025833333333333333,1.0,0,0.0,1.0,85.03
1436.0,5.166666666666667,62.0,0.025833333333333333,1.0,0,0.0,1.0,85.86
1437.0,5.166666666666667,62.0,0.025833333333333333,1.0,0,0.0,1.0,86.695
1438.0,5.166666666666667,62.0,0.025833333333333333,1.0,0,0.0,1.0,87.53
1439.0,5.166666666666667,62.0,0.025833333333333333,1.0,0,0.0,1.0,88.365
1440.0,5.166666666666667,62.0,0.025833333333333333,1.0,0,0.0,1.0,89.2
1441.0,5.083333333333333,61.0,0.025416666666666667,1.0,0,0.0,1.0,89.275
1442.0,4.916666666666667,59.0,0.024583333333333332,1.0,0,0.0,1.0,89.805
1443.0,4.916666666666667,59.0,0.024583333333333332,1.0,0,0.0,1.0,89.9
1444.0,4.916666666666667,59.0,0.024583333333333332,1.0,0,0.0,1.0,89.91
1445.0,5.083333333333333,61.0,0.025416666666666667,1.0,0,0.0,1.0,90.69
1446.0,5.083333333333333,61.0,0.025416666666666667,1.0,0,0.0,1.0,91.475
1447.0,5.083333333333333,61.0,0.025416666666666667,1.0,0,0.0,1.0,92.265
1448.0,5.166666666666667,62.0,0.025833333333333333,1.0,0,0.0,1.0,93.065
1449.0,5.166666666666667,62.0,0.025833333333333333,1.0,0,0.0,1.0,93.87
1450.0,5.166666666666667,62.0,0.025833333333333333,1.0,0,0.0,1.0,94.68
1451.0,5.166666666666667,62.0,0.025833333333333333,1.0,0,0.0,1.0,95.495
1452.0,5.333333333333333,64.0,0.02666666666666667,1.0,0,0.0,1.0,96.315
1453.0,5.666666666666667,68.0,0.028333333333333332,1.0,0,0.0,1.0,96.535
1454.0,5.833333333333333,70.0,0.029166666666666667,1.0,0,0.0,1.0,97.38
1455.0,5.833333333333333,70.0,0.029166666666666667,1.0,0,0.0,1.0,97.95
1456.0,5.833333333333333,70.0,0.029166666666666667,1.0,0,0.0,1.0,97.5
1457.0,6.0,72.0,0.03,1.0,0,0.0,1.0,98.385
1458.0,6.166666666666667,74.0,0.030833333333333334,1.0,0,0.0,1.0,100.615
1459.0,6.166666666666667,74.0,0.030833333333333334,1.0,0,0.0,1.0,101.84
1460.0,6.166666666666667,74.0,0.030833333333333334,1.0,0,0.0,1.0,102.78
1461.0,6.166666666666667,74.0,0.030833333333333334,1.0,0,0.0,1.0,104.365
1462.0,5.833333333333333,70.0,0.029166666666666667,1.0,0,0.0,1.0,105.2
1463.0,5.833333333333333,70.0,0.029166666666666667,1.0,0,0.0,1.0,106.025
1464.0,5.833333333333333,70.0,0.029166666666666667,1.0,0,0.0,1.0,106.84
1465.0,6.0,72.0,0.03,1.0,0,0.0,1.0,106.975
1466.0,5.833333333333333,70.0,0.029166666666666667,1.0,0,0.0,1.0,107.825
1467.0,5.833333333333333,70.0,0.029166666666666667,1.0,0,0.0,1.0,108.36
1468.0,5.833333333333333,70.0,0.029166666666666667,1.0,0,0.0,1.0,107.86
1469.0,5.833333333333333,70.0,0.029166666666666667,1.0,0,0.0,1.0,108.74
1470.0,5.833333333333333,70.0,0.029166666666666667,1.0,0,0.0,1.0,109.62
1471.0,5.833333333333333,70.0,0.029166666666666667,1.0,0,0.0,1.0,110.5
1472.0,5.833333333333333,70.0,0.029166666666666667,1.0,0,0.0,1.0,111.38
1473.0,5.75,69.0,0.02875,1.0,0,0.0,1.0,110.755
1474.0,5.666666666666667,68.0,0.028333333333333332,1.0,0,0.0,1.0,110.105
1475.0,5.666666666666667,68.0,0.028333333333333332,1.0,0,0.0,1.0,108.43
1476.0,5.666666666666667,68.0,0.028333333333333332,1.0,0,0.0,1.0,107.175
1477.0,5.75,69.0,0.02875,1.0,0,0.0,1.0,105.88
1478.0,5.666666666666667,68.0,0.028333333333333332,1.0,0,0.0,1.0,104.23
1479.0,5.666666666666667,68.0,0.028333333333333332,1.0,0,0.0,1.0,104.01
1480.0,5.666666666666667,68.0,0.028333333333333332,1.0,0,0.0,1.0,103.79
1481.0,5.75,69.0,0.02875,1.0,0,0.0,1.0,103.56
1482.0,5.75,69.0,0.02875,1.0,0,0.0,1.0,103.33
1483.0,5.583333333333333,67.0,0.027916666666666666,1.0,0,0.0,1.0,104.03
1484.0,5.583333333333333,67.0,0.027916666666666666,1.0,0,0.0,1.0,104.73
1485.0,5.75,69.0,0.02875,1.0,0,0.0,1.0,105.45
1486.0,5.583333333333333,67.0,0.027916666666666666,1.0,0,0.0,1.0,106.14
1487.0,5.583333333333333,67.0,0.027916666666666666,1.0,0,0.0,1.0,107.74
1488.0,5.583333333333333,67.0,0.027916666666666666,1.0,0,0.0,1.0,108.935
1489.0,5.75,69.0,0.02875,1.0,0,0.0,1.0,110.61
1490.0,5.583333333333333,67.0,0.027916666666666666,1.0,0,0.0,1.0,111.48
1491.0,5.583333333333333,67.0,0.027916666666666666,1.0,0,0.0,1.0,112.35
1492.0,5.583333333333333,67.0,0.027916666666666666,1.0,0,0.0,1.0,113.22
1493.0,5.583333333333333,67.0,0.027916666666666666,1.0,0,0.0,1.0,114.09
1494.0,5.583333333333333,67.0,0.027916666666666666,1.0,0,0.0,1.0,114.96
1495.0,5.583333333333333,67.0,0.027916666666666666,1.0,0,0.0,1.0,115.83
1496.0,5.583333333333333,67.0,0.027916666666666666,1.0,0,0.0,1.0,116.7
1497.0,5.583333333333333,67.0,0.027916666666666666,1.0,0,0.0,1.0,117.57
1498.0,5.583333333333333,67.0,0.027916666666666666,1.0,0,0.0,1.0,118.44
1499.0,5.583333333333333,67.0,0.027916666666666666,1.0,0,0.0,1.0,119.31
1500.0,5.75,69.0,0.02875,1.0,0,0.0,1.0,120.185
1501.0,5.916666666666667,71.0,0.029583333333333333,1.0,0,0.0,1.0,121.065
1502.0,5.75,69.0,0.02875,1.0,0,0.0,1.0,121.95
1503.0,5.75,69.0,0.02875,1.0,0,0.0,1.0,121.935
1504.0,5.916666666666667,71.0,0.029583333333333333,1.0,0,0.0,1.0,122.825
1505.0,5.916666666666667,71.0,0.029583333333333333,1.0,0,0.0,1.0,124.635
1506.0,5.916666666666667,71.0,0.029583333333333333,1.0,0,0.0,1.0,125.54
1507.0,5.916666666666667,71.0,0.029583333333333333,1.0,0,0.0,1.0,126.45
1508.0,6.083333333333333,73.0,0.030416666666666668,1.0,0,0.0,1.0,127.365
1509.0,6.083333333333333,73.0,0.030416666666666668,1.0,0,0.0,1.0,128.285
1510.0,6.25,75.0,0.03125,1.0,0,0.0,1.0,129.215
1511.0,6.25,75.0,0.03125,1.0,0,0.0,1.0,130.155
1512.0,6.25,75.0,0.03125,1.0,0,0.0,1.0,131.1
1513.0,6.416666666666667,77.0,0.03208333333333333,1.0,0,0.0,1.0,132.05
1514.0,6.25,75.0,0.03125,1.0,0,0.0,1.0,133.0
1515.0,6.25,75.0,0.03125,1.0,0,0.0,1.0,132.985
1516.0,6.25,75.0,0.03125,1.0,0,0.0,1.0,133.435
1517.0,6.25,75.0,0.03125,1.0,0,0.0,1.0,134.375
1518.0,6.25,75.0,0.03125,1.0,0,0.0,1.0,135.315
1519.0,6.25,75.0,0.03125,1.0,0,0.0,1.0,136.255
1520.0,6.25,75.0,0.03125,1.0,0,0.0,1.0,137.195
1521.0,6.25,75.0,0.03125,1.0,0,0.0,1.0,138.03
1522.0,6.25,75.0,0.03125,1.0,0,0.0,1.0,138.865
1523.0,6.25,75.0,0.03125,1.0,0,0.0,1.0,139.7
1524.0,6.25,75.0,0.03125,1.0,0,0.0,1.0,140.535
1525.0,6.416666666666667,77.0,0.03208333333333333,1.0,0,0.0,1.0,140.52
1526.0,6.25,75.0,0.03125,1.0,0,0.0,1.0,140.43
1527.0,6.25,75.0,0.03125,1.0,0,0.0,1.0,140.38
1528.0,6.083333333333333,73.0,0.030416666666666668,1.0,0,0.0,1.0,140.855
1529.0,6.083333333333333,73.0,0.030416666666666668,1.0,0,0.0,1.0,141.675
1530.0,6.083333333333333,73.0,0.030416666666666668,1.0,0,0.0,1.0,142.49
1531.0,6.25,75.0,0.03125,1.0,0,0.0,1.0,143.305
1532.0,6.25,75.0,0.03125,1.0,0,0.0,1.0,144.215
1533.0,6.25,75.0,0.03125,1.0,0,0.0,1.0,145.13
1534.0,6.25,75.0,0.03125,1.0,0,0.0,1.0,146.05
1535.0,6.25,75.0,0.03125,1.0,0,0.0,1.0,146.97
1536.0,6.25,75.0,0.03125,1.0,0,0.0,1.0,147.89
1537.0,6.416666666666667,77.0,0.03208333333333333,1.0,0,0.0,1.0,148.105
1538.0,6.25,75.0,0.03125,1.0,0,0.0,1.0,147.93
1539.0,6.25,75.0,0.03125,1.0,0,0.0,1.0,148.135
1540.0,6.25,75.0,0.03125,1.0,0,0.0,1.0,148.41
1541.0,6.25,75.0,0.03125,1.0,0,0.0,1.0,149.31
1542.0,6.25,75.0,0.03125,1.0,0,0.0,1.0,150.21
1543.0,6.25,75.0,0.03125,1.0,0,0.0,1.0,151.11
1544.0,6.25,75.0,0.03125,1.0,0,0.0,1.0,152.01
1545.0,6.333333333333333,76.0,0.03166666666666667,1.0,0,0.0,1.0,153.57
1546.0,6.333333333333333,76.0,0.03166666666666667,1.0,0,0.0,1.0,155.225
1547.0,6.333333333333333,76.0,0.03166666666666667,1.0,0,0.0,1.0,157.285
1548.0,6.5,78.0,0.0325,1.0,0,0.0,1.0,158.985
1549.0,6.583333333333333,79.0,0.032916666666666664,1.0,0,0.0,1.0,159.17
1550.0,6.5,78.0,0.0325,1.0,0,0.0,1.0,158.97
1551.0,6.5,78.0,0.0325,1.0,0,0.0,1.0,159.155
1552.0,6.333333333333333,76.0,0.03166666666666667,1.0,0,0.0,1.0,159.25
1553.0,6.333333333333333,76.0,0.03166666666666667,1.0,0,0.0,1.0,160.025
1554.0,6.333333333333333,76.0,0.03166666666666667,1.0,0,0.0,1.0,160.795
1555.0,6.333333333333333,76.0,0.03166666666666667,1.0,0,0.0,1.0,161.56
1556.0,6.333333333333333,76.0,0.03166666666666667,1.0,0,0.0,1.0,162.48
1557.0,6.333333333333333,76.0,0.03166666666666667,1.0,0,0.0,1.0,163.4
1558.0,6.333333333333333,76.0,0.03166666666666667,1.0,0,0.0,1.0,164.32
1559.0,6.333333333333333,76.0,0.03166666666666667,1.0,0,0.0,1.0,165.24
1560.0,6.333333333333333,76.0,0.03166666666666667,1.0,0,0.0,1.0,166.16
1561.0,6.25,75.0,0.03125,1.0,0,0.0,1.0,164.85
1562.0,6.166666666666667,74.0,0.030833333333333334,1.0,0,0.0,1.0,163.065
1563.0,6.166666666666667,74.0,0.030833333333333334,1.0,0,0.0,1.0,161.24
1564.0,6.083333333333333,73.0,0.030416666666666668,1.0,0,0.0,1.0,157.935
1565.0,6.0,72.0,0.03,1.0,0,0.0,1.0,155.695
1566.0,5.833333333333333,70.0,0.029166666666666667,1.0,0,0.0,1.0,154.85
1567.0,6.0,72.0,0.03,1.0,0,0.0,1.0,153.995
1568.0,6.0,72.0,0.03,1.0,0,0.0,1.0,154.635
1569.0,6.0,72.0,0.03,1.0,0,0.0,1.0,155.375
1570.0,6.083333333333333,73.0,0.030416666666666668,1.0,0,0.0,1.0,156.215
1571.0,6.083333333333333,73.0,0.030416666666666668,1.0,0,0.0,1.0,157.06
1572.0,6.083333333333333,73.0,0.030416666666666668,1.0,0,0.0,1.0,157.91
1573.0,6.25,75.0,0.03125,1.0,0,0.0,1.0,157.53
1574.0,6.166666666666667,74.0,0.030833333333333334,1.0,0,0.0,1.0,158.39
1575.0,6.166666666666667,74.0,0.030833333333333334,1.0,0,0.0,1.0,158.02
1576.0,6.083333333333333,73.0,0.030416666666666668,1.0,0,0.0,1.0,157.555
1577.0,6.083333333333333,73.0,0.030416666666666668,1.0,0,0.0,1.0,159.615
1578.0,6.083333333333333,73.0,0.030416666666666668,1.0,0,0.0,1.0,161.655
1579.0,6.083333333333333,73.0,0.030416666666666668,1.0,0,0.0,1.0,162.445
1580.0,6.083333333333333,73.0,0.030416666666666668,1.0,0,0.0,1.0,164.57
1581.0,6.083333333333333,73.0,0.030416666666666668,1.0,0,0.0,1.0,165.425
1582.0,6.083333333333333,73.0,0.030416666666666668,1.0,0,0.0,1.0,166.28
1583.0,6.083333333333333,73.0,0.030416666666666668,1.0,0,0.0,1.0,167.135
1584.0,6.083333333333333,73.0,0.030416666666666668,1.0,0,0.0,1.0,167.99
1585.0,6.416666666666667,77.0,0.03208333333333333,1.0,0,0.0,1.0,167.55
1586.0,6.25,75.0,0.03125,1.0,0,0.0,1.0,168.41
1587.0,6.25,75.0,0.03125,1.0,0,0.0,1.0,169.275
1588.0,6.25,75.0,0.03125,1.0,0,0.0,1.0,170.145
1589.0,6.25,75.0,0.03125,1.0,0,0.0,1.0,171.015
1590.0,6.25,75.0,0.03125,1.0,0,0.0,1.0,173.21
1591.0,6.25,75.0,0.03125,1.0,0,0.0,1.0,174.085
1592.0,6.25,75.0,0.03125,1.0,0,0.0,1.0,174.96
1593.0,6.25,75.0,0.03125,1.0,0,0.0,1.0,175.835
1594.0,6.25,75.0,0.03125,1.0,0,0.0,1.0,178.045
1595.0,6.25,75.0,0.03125,1.0,0,0.0,1.0,180.305
1596.0,6.083333333333333,73.0,0.030416666666666668,1.0,0,0.0,1.0,181.045
1597.0,6.083333333333333,73.0,0.030416666666666668,1.0,0,0.0,1.0,180.755
1598.0,5.916666666666667,71.0,0.029583333333333333,1.0,0,0.0,1.0,179.555
1599.0,5.916666666666667,71.0,0.029583333333333333,1.0,0,0.0,1.0,178.345
1600.0,6.0,72.0,0.03,1.0,0,0.0,1.0,179.56
1601.0,5.833333333333333,70.0,0.029166666666666667,1.0,0,0.0,1.0,180.67
1602.0,5.75,69.0,0.02875,1.0,0,0.0,1.0,180.67
1603.0,5.666666666666667,68.0,0.028333333333333332,1.0,0,0.0,1.0,178.925
1604.0,5.583333333333333,67.0,0.027916666666666666,1.0,0,0.0,1.0,175.25
1605.0,5.75,69.0,0.02875,1.0,0,0.0,1.0,173.07
1606.0,5.75,69.0,0.02875,1.0,0,0.0,1.0,173.025
1607.0,5.75,69.0,0.02875,1.0,0,0.0,1.0,174.4
1608.0,5.666666666666667,68.0,0.028333333333333332,1.0,0,0.0,1.0,177.62
1609.0,5.416666666666667,65.0,0.027083333333333334,1.0,0,0.0,1.0,177.56
1610.0,5.583333333333333,67.0,0.027916666666666666,1.0,0,0.0,1.0,177.49
1611.0,5.416666666666667,65.0,0.027083333333333334,1.0,0,0.0,1.0,177.41
1612.0,5.583333333333333,67.0,0.027916666666666666,1.0,0,0.0,1.0,177.325
1613.0,5.583333333333333,67.0,0.027916666666666666,1.0,0,0.0,1.0,178.14
1614.0,5.5,66.0,0.0275,1.0,0,0.0,1.0,178.96
1615.0,5.416666666666667,65.0,0.027083333333333334,1.0,0,0.0,1.0,179.765
1616.0,5.333333333333333,64.0,0.02666666666666667,1.0,0,0.0,1.0,179.065
1617.0,5.0,60.0,0.025,1.0,0,0.0,1.0,175.35
1618.0,4.5,54.0,0.0225,1.0,0,0.0,1.0,169.985
1619.0,4.166666666666667,50.0,0.020833333333333332,1.0,0,0.0,1.0,161.46
1620.0,3.9166666666666665,47.0,0.019583333333333335,1.0,0,0.0,1.0,150.14
1621.0,3.6666666666666665,44.0,0.018333333333333333,1.0,0,0.0,1.0,137.055
1622.0,3.4166666666666665,41.0,0.017083333333333332,1.0,0,0.0,1.0,123.95
1623.0,3.0833333333333335,37.0,0.015416666666666667,1.0,0,0.0,1.0,109.885
1624.0,3.0833333333333335,37.0,0.015416666666666667,1.0,0,0.0,1.0,96.6
1625.0,3.0833333333333335,37.0,0.015416666666666667,1.0,0,0.0,1.0,85.365
1626.0,2.9166666666666665,35.0,0.014583333333333334,1.0,0,0.0,1.0,74.755
1627.0,3.0833333333333335,37.0,0.015416666666666667,1.0,0,0.0,1.0,66.82
1628.0,3.0833333333333335,37.0,0.015416666666666667,1.0,0,0.0,1.0,61.1
1629.0,3.25,39.0,0.01625,1.0,0,0.0,1.0,57.81
1630.0,3.5833333333333335,43.0,0.017916666666666668,1.0,0,0.0,1.0,55.45
1631.0,4.0,48.0,0.02,1.0,0,0.0,1.0,56.35
1632.0,4.166666666666667,50.0,0.020833333333333332,1.0,0,0.0,1.0,56.96
1633.0,4.666666666666667,56.0,0.023333333333333334,1.0,0,0.0,1.0,57.615
1634.0,4.916666666666667,59.0,0.024583333333333332,1.0,0,0.0,1.0,58.325
1635.0,4.916666666666667,59.0,0.024583333333333332,1.0,0,0.0,1.0,59.075
1636.0,4.916666666666667,59.0,0.024583333333333332,1.0,0,0.0,1.0,58.85
1637.0,4.916666666666667,59.0,0.024583333333333332,1.0,0,0.0,1.0,58.76
1638.0,4.916666666666667,59.0,0.024583333333333332,1.0,0,0.0,1.0,59.56
1639.0,4.916666666666667,59.0,0.024583333333333332,1.0,0,0.0,1.0,60.36
1640.0,4.916666666666667,59.0,0.024583333333333332,1.0,0,0.0,1.0,62.055
1641.0,4.916666666666667,59.0,0.024583333333333332,1.0,0,0.0,1.0,63.89
1642.0,4.75,57.0,0.02375,1.0,0,0.0,1.0,63.225
1643.0,4.75,57.0,0.02375,1.0,0,0.0,1.0,62.565
1644.0,4.75,57.0,0.02375,1.0,0,0.0,1.0,61.92
1645.0,4.75,57.0,0.02375,1.0,0,0.0,1.0,61.17
1646.0,4.75,57.0,0.02375,1.0,0,0.0,1.0,60.415
1647.0,4.75,57.0,0.02375,1.0,0,0.0,1.0,61.15
1648.0,4.75,57.0,0.02375,1.0,0,0.0,1.0,60.87
1649.0,4.75,57.0,0.02375,1.0,0,0.0,1.0,60.71
1650.0,4.75,57.0,0.02375,1.0,0,0.0,1.0,61.485
1651.0,4.916666666666667,59.0,0.024583333333333332,1.0,0,0.0,1.0,62.265
1652.0,4.916666666666667,59.0,0.024583333333333332,1.0,0,0.0,1.0,63.05
1653.0,4.916666666666667,59.0,0.024583333333333332,1.0,0,0.0,1.0,63.84
1654.0,5.166666666666667,62.0,0.025833333333333333,1.0,0,0.0,1.0,64.645
1655.0,5.166666666666667,62.0,0.025833333333333333,1.0,0,0.0,1.0,65.465
1656.0,5.0,60.0,0.025,1.0,0,0.0,1.0,67.24
1657.0,5.083333333333333,61.0,0.025416666666666667,1.0,0,0.0,1.0,68.05
1658.0,5.0,60.0,0.025,1.0,0,0.0,1.0,68.865
1659.0,5.083333333333333,61.0,0.025416666666666667,1.0,0,0.0,1.0,69.68
1660.0,5.083333333333333,61.0,0.025416666666666667,1.0,0,0.0,1.0,70.495
1661.0,5.083333333333333,61.0,0.025416666666666667,1.0,0,0.0,1.0,70.34
1662.0,5.25,63.0,0.02625,1.0,0,0.0,1.0,71.19
1663.0,5.25,63.0,0.02625,1.0,0,0.0,1.0,72.05
1664.0,5.25,63.0,0.02625,1.0,0,0.0,1.0,72.915
1665.0,5.25,63.0,0.02625,1.0,0,0.0,1.0,73.785
1666.0,5.166666666666667,62.0,0.025833333333333333,1.0,0,0.0,1.0,74.48
1667.0,5.166666666666667,62.0,0.025833333333333333,1.0,0,0.0,1.0,75.17
1668.0,5.166666666666667,62.0,0.025833333333333333,1.0,0,0.0,1.0,75.855
1669.0,5.25,63.0,0.02625,1.0,0,0.0,1.0,76.23
1670.0,5.166666666666667,62.0,0.025833333333333333,1.0,0,0.0,1.0,76.735
1671.0,5.166666666666667,62.0,0.025833333333333333,1.0,0,0.0,1.0,77.315
1672.0,5.166666666666667,62.0,0.025833333333333333,1.0,0,0.0,1.0,77.905
1673.0,5.166666666666667,62.0,0.025833333333333333,1.0,0,0.0,1.0,78.235
1674.0,5.166666666666667,62.0,0.025833333333333333,1.0,0,0.0,1.0,79.06
1675.0,5.166666666666667,62.0,0.025833333333333333,1.0,0,0.0,1.0,80.395
1676.0,5.166666666666667,62.0,0.025833333333333333,1.0,0,0.0,1.0,81.49
1677.0,5.166666666666667,62.0,0.025833333333333333,1.0,0,0.0,1.0,82.615
1678.0,5.166666666666667,62.0,0.025833333333333333,1.0,0,0.0,1.0,83.66
1679.0,5.166666666666667,62.0,0.025833333333333333,1.0,0,0.0,1.0,84.86
1680.0,5.166666666666667,62.0,0.025833333333333333,1.0,0,0.0,1.0,85.71
1681.0,5.25,63.0,0.02625,1.0,0,0.0,1.0,86.195
1682.0,5.166666666666667,62.0,0.025833333333333333,1.0,0,0.0,1.0,86.815
1683.0,5.166666666666667,62.0,0.025833333333333333,1.0,0,0.0,1.0,87.335
1684.0,5.166666666666667,62.0,0.025833333333333333,1.0,0,0.0,1.0,87.865
1685.0,5.166666666666667,62.0,0.025833333333333333,1.0,0,0.0,1.0,88.135
1686.0,5.166666666666667,62.0,0.025833333333333333,1.0,0,0.0,1.0,88.96
1687.0,5.0,60.0,0.025,1.0,0,0.0,1.0,89.615
1688.0,5.166666666666667,62.0,0.025833333333333333,1.0,0,0.0,1.0,90.845
1689.0,5.166666666666667,62.0,0.025833333333333333,1.0,0,0.0,1.0,91.835
1690.0,5.166666666666667,62.0,0.025833333333333333,1.0,0,0.0,1.0,92.855
1691.0,5.166666666666667,62.0,0.025833333333333333,1.0,0,0.0,1.0,93.795
1692.0,5.166666666666667,62.0,0.025833333333333333,1.0,0,0.0,1.0,95.06
1693.0,5.083333333333333,61.0,0.025416666666666667,1.0,0,0.0,1.0,93.98
1694.0,4.833333333333333,58.0,0.024166666666666666,1.0,0,0.0,1.0,92.675
1695.0,4.833333333333333,58.0,0.024166666666666666,1.0,0,0.0,1.0,91.26
1696.0,4.833333333333333,58.0,0.024166666666666666,1.0,0,0.0,1.0,90.21
1697.0,4.833333333333333,58.0,0.024166666666666666,1.0,0,0.0,1.0,89.15
1698.0,4.833333333333333,58.0,0.024166666666666666,1.0,0,0.0,1.0,89.98
1699.0,4.916666666666667,59.0,0.024583333333333332,1.0,0,0.0,1.0,91.54
1700.0,4.75,57.0,0.02375,1.0,0,0.0,1.0,93.34
1701.0,4.416666666666667,53.0,0.022083333333333333,1.0,0,0.0,1.0,91.535
1702.0,4.416666666666667,53.0,0.022083333333333333,1.0,0,0.0,1.0,89.73
1703.0,4.583333333333333,55.0,0.022916666666666665,1.0,0,0.0,1.0,87.94
1704.0,4.583333333333333,55.0,0.022916666666666665,1.0,0,0.0,1.0,85.8
1705.0,4.75,57.0,0.02375,1.0,0,0.0,1.0,85.185
1706.0,4.75,57.0,0.02375,1.0,0,0.0,1.0,85.99
1707.0,4.916666666666667,59.0,0.024583333333333332,1.0,0,0.0,1.0,86.81
1708.0,5.083333333333333,61.0,0.025416666666666667,1.0,0,0.0,1.0,87.27
1709.0,5.0,60.0,0.025,1.0,0,0.0,1.0,87.74
1710.0,4.916666666666667,59.0,0.024583333333333332,1.0,0,0.0,1.0,88.15
1711.0,4.75,57.0,0.02375,1.0,0,0.0,1.0,86.045
1712.0,4.666666666666667,56.0,0.023333333333333334,1.0,0,0.0,1.0,83.805
1713.0,4.75,57.0,0.02375,1.0,0,0.0,1.0,80.07
1714.0,4.416666666666667,53.0,0.022083333333333333,1.0,0,0.0,1.0,75.01
1715.0,4.583333333333333,55.0,0.022916666666666665,1.0,0,0.0,1.0,69.995
1716.0,4.583333333333333,55.0,0.022916666666666665,1.0,0,0.0,1.0,66.475
1717.0,5.083333333333333,61.0,0.025416666666666667,1.0,0,0.0,1.0,63.91
1718.0,4.916666666666667,59.0,0.024583333333333332,1.0,0,0.0,1.0,62.98
1719.0,5.166666666666667,62.0,0.025833333333333333,1.0,0,0.0,1.0,63.285
1720.0,5.166666666666667,62.0,0.025833333333333333,1.0,0,0.0,1.0,63.62
1721.0,5.166666666666667,62.0,0.025833333333333333,1.0,0,0.0,1.0,63.715
1722.0,5.166666666666667,62.0,0.025833333333333333,1.0,0,0.0,1.0,64.555
1723.0,5.166666666666667,62.0,0.025833333333333333,1.0,0,0.0,1.0,65.405
1724.0,5.166666666666667,62.0,0.025833333333333333,1.0,0,0.0,1.0,66.255
1725.0,5.166666666666667,62.0,0.025833333333333333,1.0,0,0.0,1.0,67.105
1726.0,5.166666666666667,62.0,0.025833333333333333,1.0,0,0.0,1.0,67.955
1727.0,5.166666666666667,62.0,0.025833333333333333,1.0,0,0.0,1.0,68.805
1728.0,5.166666666666667,62.0,0.025833333333333333,1.0,0,0.0,1.0,69.655
1729.0,5.333333333333333,64.0,0.02666666666666667,1.0,0,0.0,1.0,70.045
1730.0,5.166666666666667,62.0,0.025833333333333333,1.0,0,0.0,1.0,70.525
1731.0,5.333333333333333,64.0,0.02666666666666667,1.0,0,0.0,1.0,71.325
1732.0,5.083333333333333,61.0,0.025416666666666667,1.0,0,0.0,1.0,70.165
1733.0,5.083333333333333,61.0,0.025416666666666667,1.0,0,0.0,1.0,69.245
1734.0,5.083333333333333,61.0,0.025416666666666667,1.0,0,0.0,1.0,68.415
1735.0,5.083333333333333,61.0,0.025416666666666667,1.0,0,0.0,1.0,67.58
1736.0,5.083333333333333,61.0,0.025416666666666667,1.0,0,0.0,1.0,68.24
1737.0,5.166666666666667,62.0,0.025833333333333333,1.0,0,0.0,1.0,69.05
1738.0,5.166666666666667,62.0,0.025833333333333333,1.0,0,0.0,1.0,69.865
1739.0,5.166666666666667,62.0,0.025833333333333333,1.0,0,0.0,1.0,70.815
1740.0,5.166666666666667,62.0,0.025833333333333333,1.0,0,0.0,1.0,72.035
1741.0,5.333333333333333,64.0,0.02666666666666667,1.0,0,0.0,1.0,72.875
1742.0,5.166666666666667,62.0,0.025833333333333333,1.0,0,0.0,1.0,73.715
1743.0,5.166666666666667,62.0,0.025833333333333333,1.0,0,0.0,1.0,74.555
1744.0,5.166666666666667,62.0,0.025833333333333333,1.0,0,0.0,1.0,74.985
1745.0,5.333333333333333,64.0,0.02666666666666667,1.0,0,0.0,1.0,75.665
1746.0,5.333333333333333,64.0,0.02666666666666667,1.0,0,0.0,1.0,76.505
1747.0,5.333333333333333,64.0,0.02666666666666667,1.0,0,0.0,1.0,77.35
1748.0,5.333333333333333,64.0,0.02666666666666667,1.0,0,0.0,1.0,78.2
1749.0,5.333333333333333,64.0,0.02666666666666667,1.0,0,0.0,1.0,79.055
1750.0,5.333333333333333,64.0,0.02666666666666667,1.0,0,0.0,1.0,79.91
1751.0,5.333333333333333,64.0,0.02666666666666667,1.0,0,0.0,1.0,80.765
1752.0,5.333333333333333,64.0,0.02666666666666667,1.0,0,0.0,1.0,81.62
1753.0,5.416666666666667,65.0,0.027083333333333334,1.0,0,0.0,1.0,82.395
1754.0,5.333333333333333,64.0,0.02666666666666667,1.0,0,0.0,1.0,83.17
1755.0,5.333333333333333,64.0,0.02666666666666667,1.0,0,0.0,1.0,83.625
1756.0,5.166666666666667,62.0,0.025833333333333333,1.0,0,0.0,1.0,84.175
1757.0,5.166666666666667,62.0,0.025833333333333333,1.0,0,0.0,1.0,84.725
1758.0,5.166666666666667,62.0,0.025833333333333333,1.0,0,0.0,1.0,85.53
1759.0,5.166666666666667,62.0,0.025833333333333333,1.0,0,0.0,1.0,86.33
1760.0,5.333333333333333,64.0,0.02666666666666667,1.0,0,0.0,1.0,87.15
1761.0,5.333333333333333,64.0,0.02666666666666667,1.0,0,0.0,1.0,87.975
1762.0,5.333333333333333,64.0,0.02666666666666667,1.0,0,0.0,1.0,88.805
1763.0,5.333333333333333,64.0,0.02666666666666667,1.0,0,0.0,1.0,89.64
1764.0,5.333333333333333,64.0,0.02666666666666667,1.0,0,0.0,1.0,90.475
1765.0,5.416666666666667,65.0,0.027083333333333334,1.0,0,0.0,1.0,91.31
1766.0,5.333333333333333,64.0,0.02666666666666667,1.0,0,0.0,1.0,92.145
1767.0,5.333333333333333,64.0,0.02666666666666667,1.0,0,0.0,1.0,92.885
1768.0,5.5,66.0,0.0275,1.0,0,0.0,1.0,93.72
1769.0,5.5,66.0,0.0275,1.0,0,0.0,1.0,94.56
1770.0,5.5,66.0,0.0275,1.0,0,0.0,1.0,95.405
1771.0,5.5,66.0,0.0275,1.0,0,0.0,1.0,96.255
1772.0,5.583333333333333,67.0,0.027916666666666666,1.0,0,0.0,1.0,97.11
1773.0,5.583333333333333,67.0,0.027916666666666666,1.0,0,0.0,1.0,97.97
1774.0,5.583333333333333,67.0,0.027916666666666666,1.0,0,0.0,1.0,98.835
1775.0,5.75,69.0,0.02875,1.0,0,0.0,1.0,99.71
1776.0,5.75,69.0,0.02875,1.0,0,0.0,1.0,100.595
1777.0,6.083333333333333,73.0,0.030416666666666668,1.0,0,0.0,1.0,101.49
1778.0,6.083333333333333,73.0,0.030416666666666668,1.0,0,0.0,1.0,102.4
1779.0,6.083333333333333,73.0,0.030416666666666668,1.0,0,0.0,1.0,103.32
1780.0,6.083333333333333,73.0,0.030416666666666668,1.0,0,0.0,1.0,104.225
1781.0,6.0,72.0,0.03,1.0,0,0.0,1.0,103.655
1782.0,5.916666666666667,71.0,0.029583333333333333,1.0,0,0.0,1.0,103.025
1783.0,5.916666666666667,71.0,0.029583333333333333,1.0,0,0.0,1.0,102.385
1784.0,5.916666666666667,71.0,0.029583333333333333,1.0,0,0.0,1.0,101.735
1785.0,5.916666666666667,71.0,0.029583333333333333,1.0,0,0.0,1.0,101.075
1786.0,6.166666666666667,74.0,0.030833333333333334,1.0,0,0.0,1.0,101.975
1787.0,6.166666666666667,74.0,0.030833333333333334,1.0,0,0.0,1.0,102.885
1788.0,6.333333333333333,76.0,0.03166666666666667,1.0,0,0.0,1.0,103.81
1789.0,6.5,78.0,0.0325,1.0,0,0.0,1.0,104.75
1790.0,6.333333333333333,76.0,0.03166666666666667,1.0,0,0.0,1.0,105.345
1791.0,6.333333333333333,76.0,0.03166666666666667,1.0,0,0.0,1.0,105.385
1792.0,6.333333333333333,76.0,0.03166666666666667,1.0,0,0.0,1.0,105.86
1793.0,6.333333333333333,76.0,0.03166666666666667,1.0,0,0.0,1.0,106.68
1794.0,6.333333333333333,76.0,0.03166666666666667,1.0,0,0.0,1.0,107.5
1795.0,6.333333333333333,76.0,0.03166666666666667,1.0,0,0.0,1.0,108.8
1796.0,6.333333333333333,76.0,0.03166666666666667,1.0,0,0.0,1.0,110.555
1797.0,6.333333333333333,76.0,0.03166666666666667,1.0,0,0.0,1.0,111.885
1798.0,6.333333333333333,76.0,0.03166666666666667,1.0,0,0.0,1.0,112.835
1799.0,6.333333333333333,76.0,0.03166666666666667,1.0,0,0.0,1.0,113.81
1800.0,6.333333333333333,76.0,0.03166666666666667,1.0,0,0.0,1.0,114.765
1801.0,6.166666666666667,74.0,0.030833333333333334,1.0,0,0.0,1.0,115.47
1802.0,6.0,72.0,0.03,1.0,0,0.0,1.0,116.195
1803.0,6.0,72.0,0.03,1.0,0,0.0,1.0,116.495
1804.0,6.0,72.0,0.03,1.0,0,0.0,1.0,116.34
1805.0,6.0,72.0,0.03,1.0,0,0.0,1.0,117.24
1806.0,6.0,72.0,0.03,1.0,0,0.0,1.0,118.14
1807.0,6.0,72.0,0.03,1.0,0,0.0,1.0,119.04
1808.0,6.0,72.0,0.03,1.0,0,0.0,1.0,119.94
1809.0,6.0,72.0,0.03,1.0,0,0.0,1.0,120.84
1810.0,6.0,72.0,0.03,1.0,0,0.0,1.0,121.74
1811.0,6.166666666666667,74.0,0.030833333333333334,1.0,0,0.0,1.0,122.645
1812.0,6.166666666666667,74.0,0.030833333333333334,1.0,0,0.0,1.0,123.555
1813.0,6.333333333333333,76.0,0.03166666666666667,1.0,0,0.0,1.0,124.015
1814.0,6.166666666666667,74.0,0.030833333333333334,1.0,0,0.0,1.0,124.53
1815.0,6.166666666666667,74.0,0.030833333333333334,1.0,0,0.0,1.0,124.55
1816.0,6.166666666666667,74.0,0.030833333333333334,1.0,0,0.0,1.0,124.915
1817.0,6.166666666666667,74.0,0.030833333333333334,1.0,0,0.0,1.0,125.815
1818.0,6.166666666666667,74.0,0.030833333333333334,1.0,0,0.0,1.0,126.715
1819.0,6.166666666666667,74.0,0.030833333333333334,1.0,0,0.0,1.0,127.615
1820.0,6.333333333333333,76.0,0.03166666666666667,1.0,0,0.0,1.0,128.52
1821.0,6.333333333333333,76.0,0.03166666666666667,1.0,0,0.0,1.0,129.43
1822.0,6.166666666666667,74.0,0.030833333333333334,1.0,0,0.0,1.0,130.285
1823.0,6.166666666666667,74.0,0.030833333333333334,1.0,0,0.0,1.0,131.14
1824.0,6.166666666666667,74.0,0.030833333333333334,1.0,0,0.0,1.0,131.99
1825.0,6.5,78.0,0.0325,1.0,0,0.0,1.0,132.615
1826.0,6.333333333333333,76.0,0.03166666666666667,1.0,0,0.0,1.0,132.98
1827.0,6.333333333333333,76.0,0.03166666666666667,1.0,0,0.0,1.0,132.885
1828.0,6.333333333333333,76.0,0.03166666666666667,1.0,0,0.0,1.0,132.8
1829.0,6.333333333333333,76.0,0.03166666666666667,1.0,0,0.0,1.0,133.7
1830.0,6.333333333333333,76.0,0.03166666666666667,1.0,0,0.0,1.0,134.6
1831.0,6.333333333333333,76.0,0.03166666666666667,1.0,0,0.0,1.0,135.5
1832.0,6.5,78.0,0.0325,1.0,0,0.0,1.0,136.405
1833.0,6.5,78.0,0.0325,1.0,0,0.0,1.0,137.315
1834.0,6.5,78.0,0.0325,1.0,0,0.0,1.0,138.23
1835.0,6.5,78.0,0.0325,1.0,0,0.0,1.0,139.15
1836.0,6.666666666666667,80.0,0.03333333333333333,1.0,0,0.0,1.0,140.075
1837.0,6.75,81.0,0.03375,1.0,0,0.0,1.0,139.96
1838.0,6.666666666666667,80.0,0.03333333333333333,1.0,0,0.0,1.0,139.86
1839.0,6.666666666666667,80.0,0.03333333333333333,1.0,0,0.0,1.0,139.74
1840.0,6.666666666666667,80.0,0.03333333333333333,1.0,0,0.0,1.0,139.63
1841.0,6.666666666666667,80.0,0.03333333333333333,1.0,0,0.0,1.0,140.55
1842.0,6.833333333333333,82.0,0.034166666666666665,1.0,0,0.0,1.0,141.475
1843.0,6.833333333333333,82.0,0.034166666666666665,1.0,0,0.0,1.0,142.35
1844.0,6.833333333333333,82.0,0.034166666666666665,1.0,0,0.0,1.0,143.23
1845.0,6.833333333333333,82.0,0.034166666666666665,1.0,0,0.0,1.0,144.115
1846.0,6.833333333333333,82.0,0.034166666666666665,1.0,0,0.0,1.0,145.0
1847.0,6.833333333333333,82.0,0.034166666666666665,1.0,0,0.0,1.0,145.94
1848.0,6.833333333333333,82.0,0.034166666666666665,1.0,0,0.0,1.0,146.88
1849.0,7.0,84.0,0.035,1.0,0,0.0,1.0,146.725
1850.0,6.833333333333333,82.0,0.034166666666666665,1.0,0,0.0,1.0,146.535
1851.0,6.833333333333333,82.0,0.034166666666666665,1.0,0,0.0,1.0,146.385
1852.0,6.833333333333333,82.0,0.034166666666666665,1.0,0,0.0,1.0,146.22
1853.0,6.833333333333333,82.0,0.034166666666666665,1.0,0,0.0,1.0,147.14
1854.0,7.0,84.0,0.035,1.0,0,0.0,1.0,148.065
1855.0,7.166666666666667,86.0,0.035833333333333335,1.0,0,0.0,1.0,149.0
1856.0,7.166666666666667,86.0,0.035833333333333335,1.0,0,0.0,1.0,149.945
1857.0,7.166666666666667,86.0,0.035833333333333335,1.0,0,0.0,1.0,150.9
1858.0,7.166666666666667,86.0,0.035833333333333335,1.0,0,0.0,1.0,151.86
1859.0,7.166666666666667,86.0,0.035833333333333335,1.0,0,0.0,1.0,152.82
1860.0,7.166666666666667,86.0,0.035833333333333335,1.0,0,0.0,1.0,153.78
1861.0,7.333333333333333,88.0,0.03666666666666667,1.0,0,0.0,1.0,154.74
1862.0,7.166666666666667,86.0,0.035833333333333335,1.0,0,0.0,1.0,155.7
1863.0,7.166666666666667,86.0,0.035833333333333335,1.0,0,0.0,1.0,156.66
1864.0,7.166666666666667,86.0,0.035833333333333335,1.0,0,0.0,1.0,157.62
1865.0,7.166666666666667,86.0,0.035833333333333335,1.0,0,0.0,1.0,158.58
1866.0,7.166666666666667,86.0,0.035833333333333335,1.0,0,0.0,1.0,159.54
1867.0,7.0,84.0,0.035,1.0,0,0.0,1.0,160.285
1868.0,6.833333333333333,82.0,0.034166666666666665,1.0,0,0.0,1.0,160.895
1869.0,6.833333333333333,82.0,0.034166666666666665,1.0,0,0.0,1.0,161.495
1870.0,6.75,81.0,0.03375,1.0,0,0.0,1.0,160.58
1871.0,6.666666666666667,80.0,0.03333333333333333,1.0,0,0.0,1.0,159.1
1872.0,6.666666666666667,80.0,0.03333333333333333,1.0,0,0.0,1.0,157.735
1873.0,6.833333333333333,82.0,0.034166666666666665,1.0,0,0.0,1.0,155.16
1874.0,6.666666666666667,80.0,0.03333333333333333,1.0,0,0.0,1.0,154.08
1875.0,6.75,81.0,0.03375,1.0,0,0.0,1.0,153.755
1876.0,6.75,81.0,0.03375,1.0,0,0.0,1.0,154.44
1877.0,6.75,81.0,0.03375,1.0,0,0.0,1.0,155.315
1878.0,6.75,81.0,0.03375,1.0,0,0.0,1.0,156.195
1879.0,6.916666666666667,83.0,0.034583333333333334,1.0,0,0.0,1.0,157.08
1880.0,6.916666666666667,83.0,0.034583333333333334,1.0,0,0.0,1.0,157.97
1881.0,6.75,81.0,0.03375,1.0,0,0.0,1.0,158.665
1882.0,6.916666666666667,83.0,0.034583333333333334,1.0,0,0.0,1.0,159.365
1883.0,6.916666666666667,83.0,0.034583333333333334,1.0,0,0.0,1.0,160.065
1884.0,7.083333333333333,85.0,0.035416666666666666,1.0,0,0.0,1.0,160.77
1885.0,7.083333333333333,85.0,0.035416666666666666,1.0,0,0.0,1.0,160.8
1886.0,7.083333333333333,85.0,0.035416666666666666,1.0,0,0.0,1.0,160.315
1887.0,7.083333333333333,85.0,0.035416666666666666,1.0,0,0.0,1.0,159.97
1888.0,6.75,81.0,0.03375,1.0,0,0.0,1.0,159.45
1889.0,6.75,81.0,0.03375,1.0,0,0.0,1.0,160.265
1890.0,6.75,81.0,0.03375,1.0,0,0.0,1.0,161.07
1891.0,6.583333333333333,79.0,0.032916666666666664,1.0,0,0.0,1.0,161.68
1892.0,6.583333333333333,79.0,0.032916666666666664,1.0,0,0.0,1.0,162.35
1893.0,6.75,81.0,0.03375,1.0,0,0.0,1.0,163.02
1894.0,6.75,81.0,0.03375,1.0,0,0.0,1.0,163.69
1895.0,6.75,81.0,0.03375,1.0,0,0.0,1.0,164.545
1896.0,6.75,81.0,0.03375,1.0,0,0.0,1.0,165.405
1897.0,6.833333333333333,82.0,0.034166666666666665,1.0,0,0.0,1.0,164.89
1898.0,6.75,81.0,0.03375,1.0,0,0.0,1.0,165.745
1899.0,6.75,81.0,0.03375,1.0,0,0.0,1.0,165.285
1900.0,6.916666666666667,83.0,0.034583333333333334,1.0,0,0.0,1.0,164.92
1901.0,6.916666666666667,83.0,0.034583333333333334,1.0,0,0.0,1.0,165.775
1902.0,6.916666666666667,83.0,0.034583333333333334,1.0,0,0.0,1.0,166.635
1903.0,6.916666666666667,83.0,0.034583333333333334,1.0,0,0.0,1.0,167.5
1904.0,6.916666666666667,83.0,0.034583333333333334,1.0,0,0.0,1.0,168.365
1905.0,6.916666666666667,83.0,0.034583333333333334,1.0,0,0.0,1.0,167.73
1906.0,6.916666666666667,83.0,0.034583333333333334,1.0,0,0.0,1.0,167.095
1907.0,7.0,84.0,0.035,1.0,0,0.0,1.0,166.465
1908.0,7.0,84.0,0.035,1.0,0,0.0,1.0,167.345
1909.0,7.166666666666667,86.0,0.035833333333333335,1.0,0,0.0,1.0,168.23
1910.0,7.166666666666667,86.0,0.035833333333333335,1.0,0,0.0,1.0,169.125
1911.0,7.166666666666667,86.0,0.035833333333333335,1.0,0,0.0,1.0,170.025
1912.0,7.0,84.0,0.035,1.0,0,0.0,1.0,170.915
1913.0,7.0,84.0,0.035,1.0,0,0.0,1.0,171.805
1914.0,7.0,84.0,0.035,1.0,0,0.0,1.0,172.69
1915.0,7.0,84.0,0.035,1.0,0,0.0,1.0,173.57
1916.0,7.0,84.0,0.035,1.0,0,0.0,1.0,172.96
1917.0,6.916666666666667,83.0,0.034583333333333334,1.0,0,0.0,1.0,170.86
1918.0,6.833333333333333,82.0,0.034166666666666665,1.0,0,0.0,1.0,167.43
1919.0,6.833333333333333,82.0,0.034166666666666665,1.0,0,0.0,1.0,166.81
1920.0,6.75,81.0,0.03375,1.0,0,0.0,1.0,167.78
1921.0,6.5,78.0,0.0325,1.0,0,0.0,1.0,165.475
1922.0,6.333333333333333,76.0,0.03166666666666667,1.0,0,0.0,1.0,161.545
1923.0,6.25,75.0,0.03125,1.0,0,0.0,1.0,158.3
1924.0,5.916666666666667,71.0,0.029583333333333333,1.0,0,0.0,1.0,153.14
1925.0,5.916666666666667,71.0,0.029583333333333333,1.0,0,0.0,1.0,148.78
1926.0,5.583333333333333,67.0,0.027916666666666666,1.0,0,0.0,1.0,142.67
1927.0,5.333333333333333,64.0,0.02666666666666667,1.0,0,0.0,1.0,135.725
1928.0,5.0,60.0,0.025,1.0,0,0.0,1.0,125.99
1929.0,5.0,60.0,0.025,1.0,0,0.0,1.0,114.76
1930.0,4.666666666666667,56.0,0.023333333333333334,1.0,0,0.0,1.0,102.025
1931.0,4.5,54.0,0.0225,1.0,0,0.0,1.0,89.825
1932.0,4.166666666666667,50.0,0.020833333333333332,1.0,0,0.0,1.0,81.43
1933.0,4.666666666666667,56.0,0.023333333333333334,1.0,0,0.0,1.0,73.95
1934.0,4.583333333333333,55.0,0.022916666666666665,1.0,0,0.0,1.0,69.44
1935.0,4.833333333333333,58.0,0.024166666666666666,1.0,0,0.0,1.0,65.705
1936.0,4.916666666666667,59.0,0.024583333333333332,1.0,0,0.0,1.0,61.48
1937.0,5.0,60.0,0.025,1.0,0,0.0,1.0,56.585
1938.0,5.083333333333333,61.0,0.025416666666666667,1.0,0,0.0,1.0,53.01
1939.0,5.416666666666667,65.0,0.027083333333333334,1.0,0,0.0,1.0,51.08
1940.0,5.916666666666667,71.0,0.029583333333333333,1.0,0,0.0,1.0,50.43
1941.0,6.083333333333333,73.0,0.030416666666666668,1.0,0,0.0,1.0,50.98
1942.0,6.25,75.0,0.03125,1.0,0,0.0,1.0,51.76
1943.0,6.583333333333333,79.0,0.032916666666666664,1.0,0,0.0,1.0,52.58
1944.0,6.583333333333333,79.0,0.032916666666666664,1.0,0,0.0,1.0,53.42
1945.0,6.666666666666667,80.0,0.03333333333333333,1.0,0,0.0,1.0,54.275
1946.0,6.583333333333333,79.0,0.032916666666666664,1.0,0,0.0,1.0,55.14
1947.0,6.583333333333333,79.0,0.032916666666666664,1.0,0,0.0,1.0,56.005
1948.0,6.583333333333333,79.0,0.032916666666666664,1.0,0,0.0,1.0,56.85
1949.0,6.583333333333333,79.0,0.032916666666666664,1.0,0,0.0,1.0,57.735
1950.0,6.583333333333333,79.0,0.032916666666666664,1.0,0,0.0,1.0,58.66
1951.0,6.583333333333333,79.0,0.032916666666666664,1.0,0,0.0,1.0,59.595
1952.0,6.583333333333333,79.0,0.032916666666666664,1.0,0,0.0,1.0,60.54
1953.0,6.583333333333333,79.0,0.032916666666666664,1.0,0,0.0,1.0,61.42
1954.0,6.583333333333333,79.0,0.032916666666666664,1.0,0,0.0,1.0,62.3
1955.0,6.583333333333333,79.0,0.032916666666666664,1.0,0,0.0,1.0,63.18
1956.0,6.75,81.0,0.03375,1.0,0,0.0,1.0,64.155
1957.0,6.583333333333333,79.0,0.032916666666666664,1.0,0,0.0,1.0,64.81
1958.0,6.416666666666667,77.0,0.03208333333333333,1.0,0,0.0,1.0,65.46
1959.0,6.416666666666667,77.0,0.03208333333333333,1.0,0,0.0,1.0,66.105
1960.0,6.416666666666667,77.0,0.03208333333333333,1.0,0,0.0,1.0,66.63
1961.0,6.416666666666667,77.0,0.03208333333333333,1.0,0,0.0,1.0,67.49
1962.0,6.416666666666667,77.0,0.03208333333333333,1.0,0,0.0,1.0,68.35
1963.0,6.416666666666667,77.0,0.03208333333333333,1.0,0,0.0,1.0,69.21
1964.0,6.416666666666667,77.0,0.03208333333333333,1.0,0,0.0,1.0,70.07
1965.0,6.416666666666667,77.0,0.03208333333333333,1.0,0,0.0,1.0,70.93
1966.0,6.416666666666667,77.0,0.03208333333333333,1.0,0,0.0,1.0,71.79
1967.0,6.416666666666667,77.0,0.03208333333333333,1.0,0,0.0,1.0,72.65
1968.0,6.416666666666667,77.0,0.03208333333333333,1.0,0,0.0,1.0,73.51
1969.0,6.583333333333333,79.0,0.032916666666666664,1.0,0,0.0,1.0,74.215
1970.0,6.583333333333333,79.0,0.032916666666666664,1.0,0,0.0,1.0,74.915
1971.0,6.416666666666667,77.0,0.03208333333333333,1.0,0,0.0,1.0,75.445
1972.0,6.416666666666667,77.0,0.03208333333333333,1.0,0,0.0,1.0,75.995
1973.0,6.416666666666667,77.0,0.03208333333333333,1.0,0,0.0,1.0,76.68
1974.0,6.416666666666667,77.0,0.03208333333333333,1.0,0,0.0,1.0,77.51
1975.0,6.416666666666667,77.0,0.03208333333333333,1.0,0,0.0,1.0,78.54
1976.0,6.583333333333333,79.0,0.032916666666666664,1.0,0,0.0,1.0,79.585
1977.0,6.583333333333333,79.0,0.032916666666666664,1.0,0,0.0,1.0,80.645
1978.0,6.416666666666667,77.0,0.03208333333333333,1.0,0,0.0,1.0,81.285
1979.0,6.416666666666667,77.0,0.03208333333333333,1.0,0,0.0,1.0,81.925
1980.0,6.416666666666667,77.0,0.03208333333333333,1.0,0,0.0,1.0,82.56
1981.0,6.416666666666667,77.0,0.03208333333333333,1.0,0,0.0,1.0,82.845
1982.0,6.25,75.0,0.03125,1.0,0,0.0,1.0,83.345
1983.0,6.25,75.0,0.03125,1.0,0,0.0,1.0,83.83
1984.0,6.25,75.0,0.03125,1.0,0,0.0,1.0,84.33
1985.0,6.25,75.0,0.03125,1.0,0,0.0,1.0,85.15
1986.0,6.25,75.0,0.03125,1.0,0,0.0,1.0,85.97
1987.0,6.25,75.0,0.03125,1.0,0,0.0,1.0,86.79
1988.0,6.083333333333333,73.0,0.030416666666666668,1.0,0,0.0,1.0,86.105
1989.0,5.916666666666667,71.0,0.029583333333333333,1.0,0,0.0,1.0,84.35
1990.0,5.916666666666667,71.0,0.029583333333333333,1.0,0,0.0,1.0,82.585
1991.0,6.083333333333333,73.0,0.030416666666666668,1.0,0,0.0,1.0,80.815
1992.0,6.083333333333333,73.0,0.030416666666666668,1.0,0,0.0,1.0,80.545
1993.0,6.083333333333333,73.0,0.030416666666666668,1.0,0,0.0,1.0,79.92
1994.0,6.25,75.0,0.03125,1.0,0,0.0,1.0,80.715
1995.0,6.25,75.0,0.03125,1.0,0,0.0,1.0,81.235
1996.0,6.25,75.0,0.03125,1.0,0,0.0,1.0,81.68
1997.0,6.25,75.0,0.03125,1.0,0,0.0,1.0,82.48
1998.0,6.416666666666667,77.0,0.03208333333333333,1.0,0,0.0,1.0,83.285
1999.0,6.5,78.0,0.0325,1.0,0,0.0,1.0,84.1
2000.0,6.5,78.0,0.0325,1.0,0,0.0,1.0,84.925
2001.0,6.5,78.0,0.0325,1.0,0,0.0,1.0,85.76
2002.0,6.333333333333333,76.0,0.03166666666666667,1.0,0,0.0,1.0,86.475
2003.0,6.333333333333333,76.0,0.03166666666666667,1.0,0,0.0,1.0,87.185
2004.0,6.333333333333333,76.0,0.03166666666666667,1.0,0,0.0,1.0,87.89
2005.0,6.166666666666667,74.0,0.030833333333333334,1.0,0,0.0,1.0,86.445
2006.0,6.166666666666667,74.0,0.030833333333333334,1.0,0,0.0,1.0,85.42
2007.0,6.166666666666667,74.0,0.030833333333333334,1.0,0,0.0,1.0,84.39
2008.0,6.166666666666667,74.0,0.030833333333333334,1.0,0,0.0,1.0,83.675
2009.0,6.166666666666667,74.0,0.030833333333333334,1.0,0,0.0,1.0,84.795
2010.0,6.166666666666667,74.0,0.030833333333333334,1.0,0,0.0,1.0,85.935
2011.0,6.166666666666667,74.0,0.030833333333333334,1.0,0,0.0,1.0,87.4
2012.0,6.0,72.0,0.03,1.0,0,0.0,1.0,86.67
2013.0,5.833333333333333,70.0,0.029166666666666667,1.0,0,0.0,1.0,84.965
2014.0,5.666666666666667,68.0,0.028333333333333332,1.0,0,0.0,1.0,82.85
2015.0,5.666666666666667,68.0,0.028333333333333332,1.0,0,0.0,1.0,80.75
2016.0,5.666666666666667,68.0,0.028333333333333332,1.0,0,0.0,1.0,77.145
2017.0,5.333333333333333,64.0,0.02666666666666667,1.0,0,0.0,1.0,70.8
2018.0,5.166666666666667,62.0,0.025833333333333333,1.0,0,0.0,1.0,63.315
2019.0,5.0,60.0,0.025,1.0,0,0.0,1.0,56.83
2020.0,5.166666666666667,62.0,0.025833333333333333,1.0,0,0.0,1.0,51.805
2021.0,5.416666666666667,65.0,0.027083333333333334,1.0,0,0.0,1.0,50.16
2022.0,5.583333333333333,67.0,0.027916666666666666,1.0,0,0.0,1.0,50.35
2023.0,5.583333333333333,67.0,0.027916666666666666,1.0,0,0.0,1.0,51.3
2024.0,5.916666666666667,71.0,0.029583333333333333,1.0,0,0.0,1.0,52.265
2025.0,5.916666666666667,71.0,0.029583333333333333,1.0,0,0.0,1.0,53.28
2026.0,5.916666666666667,71.0,0.029583333333333333,1.0,0,0.0,1.0,54.795
2027.0,6.083333333333333,73.0,0.030416666666666668,1.0,0,0.0,1.0,55.585
2028.0,6.083333333333333,73.0,0.030416666666666668,1.0,0,0.0,1.0,56.38
2029.0,6.25,75.0,0.03125,1.0,0,0.0,1.0,56.42
2030.0,6.083333333333333,73.0,0.030416666666666668,1.0,0,0.0,1.0,56.77
2031.0,6.083333333333333,73.0,0.030416666666666668,1.0,0,0.0,1.0,57.12
2032.0,6.083333333333333,73.0,0.030416666666666668,1.0,0,0.0,1.0,57.445
2033.0,6.083333333333333,73.0,0.030416666666666668,1.0,0,0.0,1.0,58.23
2034.0,6.083333333333333,73.0,0.030416666666666668,1.0,0,0.0,1.0,59.015
2035.0,6.083333333333333,73.0,0.030416666666666668,1.0,0,0.0,1.0,59.8
2036.0,6.083333333333333,73.0,0.030416666666666668,1.0,0,0.0,1.0,60.585
2037.0,6.25,75.0,0.03125,1.0,0,0.0,1.0,61.375
2038.0,6.25,75.0,0.03125,1.0,0,0.0,1.0,62.17
2039.0,6.25,75.0,0.03125,1.0,0,0.0,1.0,62.97
2040.0,6.25,75.0,0.03125,1.0,0,0.0,1.0,64.28
2041.0,6.416666666666667,77.0,0.03208333333333333,1.0,0,0.0,1.0,65.09
2042.0,6.25,75.0,0.03125,1.0,0,0.0,1.0,66.4
2043.0,6.25,75.0,0.03125,1.0,0,0.0,1.0,67.215
2044.0,6.25,75.0,0.03125,1.0,0,0.0,1.0,68.55
2045.0,6.416666666666667,77.0,0.03208333333333333,1.0,0,0.0,1.0,70.815
2046.0,6.416666666666667,77.0,0.03208333333333333,1.0,0,0.0,1.0,72.19
2047.0,6.416666666666667,77.0,0.03208333333333333,1.0,0,0.0,1.0,73.19
2048.0,6.416666666666667,77.0,0.03208333333333333,1.0,0,0.0,1.0,74.05
2049.0,6.583333333333333,79.0,0.032916666666666664,1.0,0,0.0,1.0,74.915
2050.0,6.583333333333333,79.0,0.032916666666666664,1.0,0,0.0,1.0,75.785
2051.0,6.583333333333333,79.0,0.032916666666666664,1.0,0,0.0,1.0,76.66
2052.0,6.583333333333333,79.0,0.032916666666666664,1.0,0,0.0,1.0,77.54
2053.0,6.833333333333333,82.0,0.034166666666666665,1.0,0,0.0,1.0,78.245
2054.0,6.75,81.0,0.03375,1.0,0,0.0,1.0,78.555
2055.0,6.75,81.0,0.03375,1.0,0,0.0,1.0,78.79
2056.0,6.75,81.0,0.03375,1.0,0,0.0,1.0,78.78
2057.0,6.916666666666667,83.0,0.034583333333333334,1.0,0,0.0,1.0,79.665
2058.0,6.916666666666667,83.0,0.034583333333333334,1.0,0,0.0,1.0,80.555
2059.0,6.916666666666667,83.0,0.034583333333333334,1.0,0,0.0,1.0,81.45
2060.0,6.916666666666667,83.0,0.034583333333333334,1.0,0,0.0,1.0,82.35
2061.0,6.916666666666667,83.0,0.034583333333333334,1.0,0,0.0,1.0,83.25
2062.0,6.916666666666667,83.0,0.034583333333333334,1.0,0,0.0,1.0,84.15
2063.0,6.916666666666667,83.0,0.034583333333333334,1.0,0,0.0,1.0,85.98
2064.0,6.916666666666667,83.0,0.034583333333333334,1.0,0,0.0,1.0,87.58
2065.0,7.083333333333333,85.0,0.035416666666666666,1.0,0,0.0,1.0,88.49
2066.0,6.916666666666667,83.0,0.034583333333333334,1.0,0,0.0,1.0,89.4
2067.0,6.916666666666667,83.0,0.034583333333333334,1.0,0,0.0,1.0,89.6
2068.0,6.75,81.0,0.03375,1.0,0,0.0,1.0,89.47
2069.0,6.75,81.0,0.03375,1.0,0,0.0,1.0,90.285
2070.0,6.75,81.0,0.03375,1.0,0,0.0,1.0,91.095
2071.0,6.75,81.0,0.03375,1.0,0,0.0,1.0,91.9
2072.0,6.75,81.0,0.03375,1.0,0,0.0,1.0,92.78
2073.0,6.75,81.0,0.03375,1.0,0,0.0,1.0,93.66
2074.0,6.75,81.0,0.03375,1.0,0,0.0,1.0,94.54
2075.0,6.75,81.0,0.03375,1.0,0,0.0,1.0,95.42
2076.0,6.75,81.0,0.03375,1.0,0,0.0,1.0,96.3
2077.0,7.0,84.0,0.035,1.0,0,0.0,1.0,96.5
2078.0,6.916666666666667,83.0,0.034583333333333334,1.0,0,0.0,1.0,96.71
2079.0,6.916666666666667,83.0,0.034583333333333334,1.0,0,0.0,1.0,96.905
2080.0,6.916666666666667,83.0,0.034583333333333334,1.0,0,0.0,1.0,97.79
2081.0,6.916666666666667,83.0,0.034583333333333334,1.0,0,0.0,1.0,98.675
2082.0,6.916666666666667,83.0,0.034583333333333334,1.0,0,0.0,1.0,99.555
2083.0,7.083333333333333,85.0,0.035416666666666666,1.0,0,0.0,1.0,100.435
2084.0,7.083333333333333,85.0,0.035416666666666666,1.0,0,0.0,1.0,101.33
2085.0,7.083333333333333,85.0,0.035416666666666666,1.0,0,0.0,1.0,102.23
2086.0,6.916666666666667,83.0,0.034583333333333334,1.0,0,0.0,1.0,101.63
2087.0,6.833333333333333,82.0,0.034166666666666665,1.0,0,0.0,1.0,101.445
2088.0,6.666666666666667,80.0,0.03333333333333333,1.0,0,0.0,1.0,100.905
2089.0,6.916666666666667,83.0,0.034583333333333334,1.0,0,0.0,1.0,99.63
2090.0,6.833333333333333,82.0,0.034166666666666665,1.0,0,0.0,1.0,99.11
2091.0,7.0,84.0,0.035,1.0,0,0.0,1.0,98.885
2092.0,6.833333333333333,82.0,0.034166666666666665,1.0,0,0.0,1.0,98.68
2093.0,6.833333333333333,82.0,0.034166666666666665,1.0,0,0.0,1.0,99.285
2094.0,6.833333333333333,82.0,0.034166666666666665,1.0,0,0.0,1.0,99.89
2095.0,6.833333333333333,82.0,0.034166666666666665,1.0,0,0.0,1.0,100.49
2096.0,6.833333333333333,82.0,0.034166666666666665,1.0,0,0.0,1.0,102.185
2097.0,6.833333333333333,82.0,0.034166666666666665,1.0,0,0.0,1.0,103.84
2098.0,6.833333333333333,82.0,0.034166666666666665,1.0,0,0.0,1.0,105.49
2099.0,6.833333333333333,82.0,0.034166666666666665,1.0,0,0.0,1.0,107.16
2100.0,6.833333333333333,82.0,0.034166666666666665,1.0,0,0.0,1.0,108.04
2101.0,7.0,84.0,0.035,1.0,0,0.0,1.0,108.115
2102.0,6.833333333333333,82.0,0.034166666666666665,1.0,0,0.0,1.0,108.19
2103.0,6.833333333333333,82.0,0.034166666666666665,1.0,0,0.0,1.0,108.24
2104.0,6.833333333333333,82.0,0.034166666666666665,1.0,0,0.0,1.0,108.23
2105.0,6.833333333333333,82.0,0.034166666666666665,1.0,0,0.0,1.0,109.09
2106.0,6.5,78.0,0.0325,1.0,0,0.0,1.0,109.71
2107.0,6.5,78.0,0.0325,1.0,0,0.0,1.0,110.32
2108.0,6.833333333333333,82.0,0.034166666666666665,1.0,0,0.0,1.0,110.935
2109.0,6.833333333333333,82.0,0.034166666666666665,1.0,0,0.0,1.0,111.555
2110.0,6.833333333333333,82.0,0.034166666666666665,1.0,0,0.0,1.0,112.405
2111.0,6.833333333333333,82.0,0.034166666666666665,1.0,0,0.0,1.0,113.265
2112.0,6.833333333333333,82.0,0.034166666666666665,1.0,0,0.0,1.0,114.12
2113.0,6.833333333333333,82.0,0.034166666666666665,1.0,0,0.0,1.0,114.97
2114.0,6.833333333333333,82.0,0.034166666666666665,1.0,0,0.0,1.0,114.97
2115.0,7.0,84.0,0.035,1.0,0,0.0,1.0,114.96
2116.0,7.0,84.0,0.035,1.0,0,0.0,1.0,115.82
2117.0,7.0,84.0,0.035,1.0,0,0.0,1.0,116.685
2118.0,7.0,84.0,0.035,1.0,0,0.0,1.0,117.555
2119.0,7.0,84.0,0.035,1.0,0,0.0,1.0,118.425
2120.0,7.0,84.0,0.035,1.0,0,0.0,1.0,119.295
2121.0,7.0,84.0,0.035,1.0,0,0.0,1.0,120.165
2122.0,7.0,84.0,0.035,1.0,0,0.0,1.0,121.035
2123.0,7.0,84.0,0.035,1.0,0,0.0,1.0,121.905
2124.0,7.0,84.0,0.035,1.0,0,0.0,1.0,122.775
2125.0,7.083333333333333,85.0,0.035416666666666666,1.0,0,0.0,1.0,123.165
2126.0,7.0,84.0,0.035,1.0,0,0.0,1.0,123.115
2127.0,7.166666666666667,86.0,0.035833333333333335,1.0,0,0.0,1.0,123.07
2128.0,7.333333333333333,88.0,0.03666666666666667,1.0,0,0.0,1.0,123.39
2129.0,7.333333333333333,88.0,0.03666666666666667,1.0,0,0.0,1.0,124.265
2130.0,7.333333333333333,88.0,0.03666666666666667,1.0,0,0.0,1.0,125.15
2131.0,7.333333333333333,88.0,0.03666666666666667,1.0,0,0.0,1.0,126.035
2132.0,7.333333333333333,88.0,0.03666666666666667,1.0,0,0.0,1.0,126.92
2133.0,7.333333333333333,88.0,0.03666666666666667,1.0,0,0.0,1.0,127.805
2134.0,7.333333333333333,88.0,0.03666666666666667,1.0,0,0.0,1.0,128.69
2135.0,7.333333333333333,88.0,0.03666666666666667,1.0,0,0.0,1.0,129.575
2136.0,7.333333333333333,88.0,0.03666666666666667,1.0,0,0.0,1.0,130.46
2137.0,7.583333333333333,91.0,0.03791666666666667,1.0,0,0.0,1.0,130.2
2138.0,7.5,90.0,0.0375,1.0,0,0.0,1.0,130.53
2139.0,7.5,90.0,0.0375,1.0,0,0.0,1.0,130.27
2140.0,7.5,90.0,0.0375,1.0,0,0.0,1.0,130.11
2141.0,7.5,90.0,0.0375,1.0,0,0.0,1.0,130.99
2142.0,7.5,90.0,0.0375,1.0,0,0.0,1.0,131.87
2143.0,7.5,90.0,0.0375,1.0,0,0.0,1.0,132.75
2144.0,7.5,90.0,0.0375,1.0,0,0.0,1.0,133.63
2145.0,7.583333333333333,91.0,0.03791666666666667,1.0,0,0.0,1.0,134.515
2146.0,7.583333333333333,91.0,0.03791666666666667,1.0,0,0.0,1.0,135.405
2147.0,7.583333333333333,91.0,0.03791666666666667,1.0,0,0.0,1.0,136.3
2148.0,7.75,93.0,0.03875,1.0,0,0.0,1.0,137.205
2149.0,7.833333333333333,94.0,0.03916666666666667,1.0,0,0.0,1.0,137.48
2150.0,7.916666666666667,95.0,0.03958333333333333,1.0,0,0.0,1.0,137.535
2151.0,7.75,93.0,0.03875,1.0,0,0.0,1.0,137.62
2152.0,7.75,93.0,0.03875,1.0,0,0.0,1.0,138.055
2153.0,7.75,93.0,0.03875,1.0,0,0.0,1.0,138.78
2154.0,7.75,93.0,0.03875,1.0,0,0.0,1.0,139.5
2155.0,7.75,93.0,0.03875,1.0,0,0.0,1.0,140.4
2156.0,7.916666666666667,95.0,0.03958333333333333,1.0,0,0.0,1.0,141.305
2157.0,7.916666666666667,95.0,0.03958333333333333,1.0,0,0.0,1.0,142.215
2158.0,7.583333333333333,91.0,0.03791666666666667,1.0,0,0.0,1.0,142.86
2159.0,7.583333333333333,91.0,0.03791666666666667,1.0,0,0.0,1.0,143.5
2160.0,7.583333333333333,91.0,0.03791666666666667,1.0,0,0.0,1.0,144.13
2161.0,7.416666666666667,89.0,0.037083333333333336,1.0,0,0.0,1.0,144.01
2162.0,7.166666666666667,86.0,0.035833333333333335,1.0,0,0.0,1.0,144.36
2163.0,7.166666666666667,86.0,0.035833333333333335,1.0,0,0.0,1.0,144.51
2164.0,7.166666666666667,86.0,0.035833333333333335,1.0,0,0.0,1.0,144.575
2165.0,7.166666666666667,86.0,0.035833333333333335,1.0,0,0.0,1.0,145.35
2166.0,7.166666666666667,86.0,0.035833333333333335,1.0,0,0.0,1.0,146.155
2167.0,7.166666666666667,86.0,0.035833333333333335,1.0,0,0.0,1.0,146.96
2168.0,7.166666666666667,86.0,0.035833333333333335,1.0,0,0.0,1.0,147.765
2169.0,7.166666666666667,86.0,0.035833333333333335,1.0,0,0.0,1.0,148.57
2170.0,7.25,87.0,0.03625,1.0,0,0.0,1.0,149.38
2171.0,7.25,87.0,0.03625,1.0,0,0.0,1.0,150.195
2172.0,7.25,87.0,0.03625,1.0,0,0.0,1.0,151.015
2173.0,7.416666666666667,89.0,0.037083333333333336,1.0,0,0.0,1.0,151.725
2174.0,7.25,87.0,0.03625,1.0,0,0.0,1.0,152.535
2175.0,7.166666666666667,86.0,0.035833333333333335,1.0,0,0.0,1.0,151.845
2176.0,7.083333333333333,85.0,0.035416666666666666,1.0,0,0.0,1.0,149.46
2177.0,7.083333333333333,85.0,0.035416666666666666,1.0,0,0.0,1.0,147.39
2178.0,7.416666666666667,89.0,0.037083333333333336,1.0,0,0.0,1.0,146.825
2179.0,7.416666666666667,89.0,0.037083333333333336,1.0,0,0.0,1.0,147.625
2180.0,7.5,90.0,0.0375,1.0,0,0.0,1.0,148.44
2181.0,7.583333333333333,91.0,0.03791666666666667,1.0,0,0.0,1.0,149.27
2182.0,7.583333333333333,91.0,0.03791666666666667,1.0,0,0.0,1.0,150.47
2183.0,7.583333333333333,91.0,0.03791666666666667,1.0,0,0.0,1.0,151.325
2184.0,7.583333333333333,91.0,0.03791666666666667,1.0,0,0.0,1.0,152.24
2185.0,7.75,93.0,0.03875,1.0,0,0.0,1.0,153.1
2186.0,7.583333333333333,91.0,0.03791666666666667,1.0,0,0.0,1.0,153.89
2187.0,7.583333333333333,91.0,0.03791666666666667,1.0,0,0.0,1.0,154.745
2188.0,7.583333333333333,91.0,0.03791666666666667,1.0,0,0.0,1.0,155.21
2189.0,7.583333333333333,91.0,0.03791666666666667,1.0,0,0.0,1.0,156.455
2190.0,7.75,93.0,0.03875,1.0,0,0.0,1.0,157.315
2191.0,7.75,93.0,0.03875,1.0,0,0.0,1.0,158.275
2192.0,7.75,93.0,0.03875,1.0,0,0.0,1.0,159.36
2193.0,7.75,93.0,0.03875,1.0,0,0.0,1.0,160.245
2194.0,7.75,93.0,0.03875,1.0,0,0.0,1.0,161.13
2195.0,7.75,93.0,0.03875,1.0,0,0.0,1.0,162.015
2196.0,7.25,87.0,0.03625,1.0,0,0.0,1.0,162.675
2197.0,7.333333333333333,88.0,0.03666666666666667,1.0,0,0.0,1.0,163.085
2198.0,7.25,87.0,0.03625,1.0,0,0.0,1.0,163.58
2199.0,7.25,87.0,0.03625,1.0,0,0.0,1.0,163.84
2200.0,7.25,87.0,0.03625,1.0,0,0.0,1.0,164.655
2201.0,7.25,87.0,0.03625,1.0,0,0.0,1.0,165.47
2202.0,7.25,87.0,0.03625,1.0,0,0.0,1.0,166.285
2203.0,7.25,87.0,0.03625,1.0,0,0.0,1.0,167.095
2204.0,7.25,87.0,0.03625,1.0,0,0.0,1.0,167.91
2205.0,7.416666666666667,89.0,0.037083333333333336,1.0,0,0.0,1.0,168.73
2206.0,7.416666666666667,89.0,0.037083333333333336,1.0,0,0.0,1.0,169.555
2207.0,7.416666666666667,89.0,0.037083333333333336,1.0,0,0.0,1.0,170.87
2208.0,7.5,90.0,0.0375,1.0,0,0.0,1.0,171.895
2209.0,7.666666666666667,92.0,0.03833333333333333,1.0,0,0.0,1.0,172.565
2210.0,7.5,90.0,0.0375,1.0,0,0.0,1.0,172.92
2211.0,7.5,90.0,0.0375,1.0,0,0.0,1.0,173.775
2212.0,7.666666666666667,92.0,0.03833333333333333,1.0,0,0.0,1.0,174.125
2213.0,7.75,93.0,0.03875,1.0,0,0.0,1.0,174.99
2214.0,7.75,93.0,0.03875,1.0,0,0.0,1.0,175.865
2215.0,7.916666666666667,95.0,0.03958333333333333,1.0,0,0.0,1.0,177.275
2216.0,7.916666666666667,95.0,0.03958333333333333,1.0,0,0.0,1.0,178.175
2217.0,8.0,96.0,0.04,1.0,0,0.0,1.0,179.62
2218.0,7.833333333333333,94.0,0.03916666666666667,1.0,0,0.0,1.0,180.755
2219.0,7.833333333333333,94.0,0.03916666666666667,1.0,0,0.0,1.0,181.665
2220.0,7.833333333333333,94.0,0.03916666666666667,1.0,0,0.0,1.0,182.575
2221.0,8.0,96.0,0.04,1.0,0,0.0,1.0,183.235
2222.0,8.0,96.0,0.04,1.0,0,0.0,1.0,183.595
2223.0,7.833333333333333,94.0,0.03916666666666667,1.0,0,0.0,1.0,182.99
2224.0,7.666666666666667,92.0,0.03833333333333333,1.0,0,0.0,1.0,180.39
2225.0,7.5,90.0,0.0375,1.0,0,0.0,1.0,177.315
2226.0,7.583333333333333,91.0,0.03791666666666667,1.0,0,0.0,1.0,175.73
2227.0,7.416666666666667,89.0,0.037083333333333336,1.0,0,0.0,1.0,175.475
2228.0,7.583333333333333,91.0,0.03791666666666667,1.0,0,0.0,1.0,176.25
2229.0,7.416666666666667,89.0,0.037083333333333336,1.0,0,0.0,1.0,174.02
2230.0,7.083333333333333,85.0,0.035416666666666666,1.0,0,0.0,1.0,169.355
2231.0,6.916666666666667,83.0,0.034583333333333334,1.0,0,0.0,1.0,161.775
2232.0,6.583333333333333,79.0,0.032916666666666664,1.0,0,0.0,1.0,152.68
2233.0,6.333333333333333,76.0,0.03166666666666667,1.0,0,0.0,1.0,142.915
2234.0,6.416666666666667,77.0,0.03208333333333333,1.0,0,0.0,1.0,131.735
2235.0,6.0,72.0,0.03,1.0,0,0.0,1.0,119.04
2236.0,5.916666666666667,71.0,0.029583333333333333,1.0,0,0.0,1.0,106.475
2237.0,5.666666666666667,68.0,0.028333333333333332,1.0,0,0.0,1.0,96.245
2238.0,5.25,63.0,0.02625,1.0,0,0.0,1.0,84.69
2239.0,5.583333333333333,67.0,0.027916666666666666,1.0,0,0.0,1.0,77.995
2240.0,5.5,66.0,0.0275,1.0,0,0.0,1.0,71.72
2241.0,5.5,66.0,0.0275,1.0,0,0.0,1.0,68.42
2242.0,5.5,66.0,0.0275,1.0,0,0.0,1.0,67.385
2243.0,5.666666666666667,68.0,0.028333333333333332,1.0,0,0.0,1.0,67.45
2244.0,6.0,72.0,0.03,1.0,0,0.0,1.0,67.49
2245.0,6.416666666666667,77.0,0.03208333333333333,1.0,0,0.0,1.0,68.14
2246.0,6.333333333333333,76.0,0.03166666666666667,1.0,0,0.0,1.0,68.37
2247.0,6.75,81.0,0.03375,1.0,0,0.0,1.0,69.1
2248.0,6.666666666666667,80.0,0.03333333333333333,1.0,0,0.0,1.0,69.775
2249.0,6.833333333333333,82.0,0.034166666666666665,1.0,0,0.0,1.0,70.42
2250.0,6.833333333333333,82.0,0.034166666666666665,1.0,0,0.0,1.0,71.57
2251.0,6.75,81.0,0.03375,1.0,0,0.0,1.0,72.11
2252.0,6.75,81.0,0.03375,1.0,0,0.0,1.0,72.655
2253.0,6.75,81.0,0.03375,1.0,0,0.0,1.0,73.25
2254.0,6.75,81.0,0.03375,1.0,0,0.0,1.0,73.845
2255.0,6.75,81.0,0.03375,1.0,0,0.0,1.0,74.615
2256.0,6.75,81.0,0.03375,1.0,0,0.0,1.0,75.38
2257.0,6.916666666666667,83.0,0.034583333333333334,1.0,0,0.0,1.0,76.035
2258.0,6.916666666666667,83.0,0.034583333333333334,1.0,0,0.0,1.0,76.25
2259.0,7.083333333333333,85.0,0.035416666666666666,1.0,0,0.0,1.0,76.98
2260.0,7.083333333333333,85.0,0.035416666666666666,1.0,0,0.0,1.0,77.715
2261.0,7.083333333333333,85.0,0.035416666666666666,1.0,0,0.0,1.0,78.5
2262.0,7.083333333333333,85.0,0.035416666666666666,1.0,0,0.0,1.0,79.29
2263.0,7.083333333333333,85.0,0.035416666666666666,1.0,0,0.0,1.0,80.08
2264.0,7.083333333333333,85.0,0.035416666666666666,1.0,0,0.0,1.0,80.87
2265.0,7.166666666666667,86.0,0.035833333333333335,1.0,0,0.0,1.0,81.665
2266.0,7.166666666666667,86.0,0.035833333333333335,1.0,0,0.0,1.0,82.465
2267.0,7.166666666666667,86.0,0.035833333333333335,1.0,0,0.0,1.0,83.27
2268.0,7.166666666666667,86.0,0.035833333333333335,1.0,0,0.0,1.0,84.165
2269.0,7.333333333333333,88.0,0.03666666666666667,1.0,0,0.0,1.0,85.075
2270.0,7.166666666666667,86.0,0.035833333333333335,1.0,0,0.0,1.0,86.495
2271.0,7.166666666666667,86.0,0.035833333333333335,1.0,0,0.0,1.0,87.495
2272.0,7.166666666666667,86.0,0.035833333333333335,1.0,0,0.0,1.0,88.145
2273.0,7.166666666666667,86.0,0.035833333333333335,1.0,0,0.0,1.0,88.97
2274.0,7.166666666666667,86.0,0.035833333333333335,1.0,0,0.0,1.0,89.795
2275.0,7.166666666666667,86.0,0.035833333333333335,1.0,0,0.0,1.0,90.62
2276.0,7.166666666666667,86.0,0.035833333333333335,1.0,0,0.0,1.0,91.445
2277.0,7.416666666666667,89.0,0.037083333333333336,1.0,0,0.0,1.0,92.28
2278.0,7.416666666666667,89.0,0.037083333333333336,1.0,0,0.0,1.0,93.125
2279.0,7.416666666666667,89.0,0.037083333333333336,1.0,0,0.0,1.0,93.98
2280.0,7.416666666666667,89.0,0.037083333333333336,1.0,0,0.0,1.0,94.84
2281.0,7.583333333333333,91.0,0.03791666666666667,1.0,0,0.0,1.0,95.05
2282.0,7.5,90.0,0.0375,1.0,0,0.0,1.0,95.755
2283.0,7.5,90.0,0.0375,1.0,0,0.0,1.0,96.46
2284.0,7.5,90.0,0.0375,1.0,0,0.0,1.0,97.325
2285.0,7.583333333333333,91.0,0.03791666666666667,1.0,0,0.0,1.0,98.365
2286.0,7.666666666666667,92.0,0.03833333333333333,1.0,0,0.0,1.0,99.43
2287.0,7.833333333333333,94.0,0.03916666666666667,1.0,0,0.0,1.0,101.02
2288.0,8.0,96.0,0.04,1.0,0,0.0,1.0,101.95
2289.0,8.0,96.0,0.04,1.0,0,0.0,1.0,102.895
2290.0,8.0,96.0,0.04,1.0,0,0.0,1.0,103.85
2291.0,8.0,96.0,0.04,1.0,0,0.0,1.0,104.81
2292.0,8.0,96.0,0.04,1.0,0,0.0,1.0,105.77
2293.0,8.083333333333334,97.0,0.04041666666666666,1.0,0,0.0,1.0,106.015
2294.0,7.916666666666667,95.0,0.03958333333333333,1.0,0,0.0,1.0,105.245
2295.0,7.75,93.0,0.03875,1.0,0,0.0,1.0,104.07
2296.0,7.666666666666667,92.0,0.03833333333333333,1.0,0,0.0,1.0,102.555
2297.0,7.666666666666667,92.0,0.03833333333333333,1.0,0,0.0,1.0,101.405
2298.0,7.666666666666667,92.0,0.03833333333333333,1.0,0,0.0,1.0,102.14
2299.0,7.666666666666667,92.0,0.03833333333333333,1.0,0,0.0,1.0,101.61
2300.0,7.666666666666667,92.0,0.03833333333333333,1.0,0,0.0,1.0,101.25
2301.0,7.666666666666667,92.0,0.03833333333333333,1.0,0,0.0,1.0,101.4
2302.0,7.666666666666667,92.0,0.03833333333333333,1.0,0,0.0,1.0,100.8
2303.0,7.833333333333333,94.0,0.03916666666666667,1.0,0,0.0,1.0,101.705
2304.0,7.833333333333333,94.0,0.03916666666666667,1.0,0,0.0,1.0,102.615
2305.0,7.916666666666667,95.0,0.03958333333333333,1.0,0,0.0,1.0,102.755
2306.0,7.666666666666667,92.0,0.03833333333333333,1.0,0,0.0,1.0,103.37
2307.0,7.75,93.0,0.03875,1.0,0,0.0,1.0,103.975
2308.0,7.583333333333333,91.0,0.03791666666666667,1.0,0,0.0,1.0,104.8
2309.0,7.583333333333333,91.0,0.03791666666666667,1.0,0,0.0,1.0,105.905
2310.0,7.666666666666667,92.0,0.03833333333333333,1.0,0,0.0,1.0,107.04
2311.0,7.666666666666667,92.0,0.03833333333333333,1.0,0,0.0,1.0,108.685
2312.0,8.0,96.0,0.04,1.0,0,0.0,1.0,109.59
2313.0,8.0,96.0,0.04,1.0,0,0.0,1.0,110.51
2314.0,8.0,96.0,0.04,1.0,0,0.0,1.0,111.44
2315.0,7.833333333333333,94.0,0.03916666666666667,1.0,0,0.0,1.0,110.875
2316.0,7.833333333333333,94.0,0.03916666666666667,1.0,0,0.0,1.0,110.305
2317.0,7.666666666666667,92.0,0.03833333333333333,1.0,0,0.0,1.0,108.69
2318.0,7.666666666666667,92.0,0.03833333333333333,1.0,0,0.0,1.0,109.06
2319.0,7.666666666666667,92.0,0.03833333333333333,1.0,0,0.0,1.0,109.42
2320.0,7.666666666666667,92.0,0.03833333333333333,1.0,0,0.0,1.0,109.06
2321.0,7.5,90.0,0.0375,1.0,0,0.0,1.0,108.44
2322.0,7.166666666666667,86.0,0.035833333333333335,1.0,0,0.0,1.0,104.775
2323.0,6.75,81.0,0.03375,1.0,0,0.0,1.0,96.57
2324.0,6.5,78.0,0.0325,1.0,0,0.0,1.0,84.755
2325.0,6.25,75.0,0.03125,1.0,0,0.0,1.0,74.37
2326.0,6.416666666666667,77.0,0.03208333333333333,1.0,0,0.0,1.0,67.485
2327.0,6.25,75.0,0.03125,1.0,0,0.0,1.0,65.085
2328.0,6.416666666666667,77.0,0.03208333333333333,1.0,0,0.0,1.0,64.765
2329.0,6.333333333333333,76.0,0.03166666666666667,1.0,0,0.0,1.0,64.225
2330.0,6.5,78.0,0.0325,1.0,0,0.0,1.0,64.27
2331.0,6.5,78.0,0.0325,1.0,0,0.0,1.0,64.315
2332.0,6.583333333333333,79.0,0.032916666666666664,1.0,0,0.0,1.0,63.605
2333.0,6.916666666666667,83.0,0.034583333333333334,1.0,0,0.0,1.0,64.365
2334.0,6.916666666666667,83.0,0.034583333333333334,1.0,0,0.0,1.0,65.14
2335.0,7.083333333333333,85.0,0.035416666666666666,1.0,0,0.0,1.0,67.06
2336.0,7.25,87.0,0.03625,1.0,0,0.0,1.0,68.295
2337.0,7.083333333333333,85.0,0.035416666666666666,1.0,0,0.0,1.0,68.05
2338.0,6.916666666666667,83.0,0.034583333333333334,1.0,0,0.0,1.0,67.335
2339.0,7.083333333333333,85.0,0.035416666666666666,1.0,0,0.0,1.0,66.195
2340.0,7.083333333333333,85.0,0.035416666666666666,1.0,0,0.0,1.0,64.565
2341.0,7.25,87.0,0.03625,1.0,0,0.0,1.0,64.445
2342.0,7.083333333333333,85.0,0.035416666666666666,1.0,0,0.0,1.0,65.28
2343.0,7.25,87.0,0.03625,1.0,0,0.0,1.0,66.08
2344.0,7.25,87.0,0.03625,1.0,0,0.0,1.0,66.38
2345.0,7.25,87.0,0.03625,1.0,0,0.0,1.0,67.22
2346.0,7.25,87.0,0.03625,1.0,0,0.0,1.0,68.065
2347.0,7.25,87.0,0.03625,1.0,0,0.0,1.0,68.91
2348.0,7.25,87.0,0.03625,1.0,0,0.0,1.0,69.755
2349.0,7.25,87.0,0.03625,1.0,0,0.0,1.0,70.6
2350.0,7.25,87.0,0.03625,1.0,0,0.0,1.0,71.445
2351.0,7.416666666666667,89.0,0.037083333333333336,1.0,0,0.0,1.0,72.295
2352.0,7.416666666666667,89.0,0.037083333333333336,1.0,0,0.0,1.0,73.15
2353.0,7.5,90.0,0.0375,1.0,0,0.0,1.0,73.97
2354.0,7.416666666666667,89.0,0.037083333333333336,1.0,0,0.0,1.0,74.31
2355.0,7.416666666666667,89.0,0.037083333333333336,1.0,0,0.0,1.0,74.645
2356.0,7.416666666666667,89.0,0.037083333333333336,1.0,0,0.0,1.0,74.265
2357.0,7.416666666666667,89.0,0.037083333333333336,1.0,0,0.0,1.0,75.11
2358.0,7.416666666666667,89.0,0.037083333333333336,1.0,0,0.0,1.0,75.955
2359.0,7.583333333333333,91.0,0.03791666666666667,1.0,0,0.0,1.0,76.805
2360.0,7.666666666666667,92.0,0.03833333333333333,1.0,0,0.0,1.0,77.665
2361.0,7.666666666666667,92.0,0.03833333333333333,1.0,0,0.0,1.0,78.535
2362.0,7.5,90.0,0.0375,1.0,0,0.0,1.0,79.355
2363.0,7.5,90.0,0.0375,1.0,0,0.0,1.0,80.17
2364.0,7.5,90.0,0.0375,1.0,0,0.0,1.0,80.98
2365.0,7.666666666666667,92.0,0.03833333333333333,1.0,0,0.0,1.0,81.66
2366.0,7.333333333333333,88.0,0.03666666666666667,1.0,0,0.0,1.0,81.9
2367.0,7.5,90.0,0.0375,1.0,0,0.0,1.0,82.71
2368.0,7.5,90.0,0.0375,1.0,0,0.0,1.0,83.52
2369.0,7.5,90.0,0.0375,1.0,0,0.0,1.0,84.92
2370.0,7.833333333333333,94.0,0.03916666666666667,1.0,0,0.0,1.0,85.935
2371.0,7.833333333333333,94.0,0.03916666666666667,1.0,0,0.0,1.0,86.815
2372.0,7.833333333333333,94.0,0.03916666666666667,1.0,0,0.0,1.0,87.705
2373.0,7.833333333333333,94.0,0.03916666666666667,1.0,0,0.0,1.0,88.605
2374.0,7.833333333333333,94.0,0.03916666666666667,1.0,0,0.0,1.0,89.505
2375.0,7.833333333333333,94.0,0.03916666666666667,1.0,0,0.0,1.0,90.405
2376.0,7.833333333333333,94.0,0.03916666666666667,1.0,0,0.0,1.0,91.275
2377.0,8.0,96.0,0.04,1.0,0,0.0,1.0,91.96
2378.0,7.833333333333333,94.0,0.03916666666666667,1.0,0,0.0,1.0,92.19
2379.0,7.833333333333333,94.0,0.03916666666666667,1.0,0,0.0,1.0,92.37
2380.0,7.833333333333333,94.0,0.03916666666666667,1.0,0,0.0,1.0,92.52
2381.0,7.833333333333333,94.0,0.03916666666666667,1.0,0,0.0,1.0,93.4
2382.0,7.833333333333333,94.0,0.03916666666666667,1.0,0,0.0,1.0,94.28
2383.0,7.833333333333333,94.0,0.03916666666666667,1.0,0,0.0,1.0,95.16
2384.0,8.166666666666666,98.0,0.04083333333333333,1.0,0,0.0,1.0,96.05
2385.0,8.166666666666666,98.0,0.04083333333333333,1.0,0,0.0,1.0,96.95
2386.0,8.166666666666666,98.0,0.04083333333333333,1.0,0,0.0,1.0,97.86
2387.0,8.166666666666666,98.0,0.04083333333333333,1.0,0,0.0,1.0,98.78
2388.0,8.166666666666666,98.0,0.04083333333333333,1.0,0,0.0,1.0,99.7
2389.0,8.333333333333334,100.0,0.041666666666666664,1.0,0,0.0,1.0,100.38
2390.0,8.166666666666666,98.0,0.04083333333333333,1.0,0,0.0,1.0,100.78
2391.0,8.0,96.0,0.04,1.0,0,0.0,1.0,99.675
2392.0,8.0,96.0,0.04,1.0,0,0.0,1.0,97.05
2393.0,7.833333333333333,94.0,0.03916666666666667,1.0,0,0.0,1.0,93.505
2394.0,7.833333333333333,94.0,0.03916666666666667,1.0,0,0.0,1.0,91.985
2395.0,7.833333333333333,94.0,0.03916666666666667,1.0,0,0.0,1.0,91.97
2396.0,8.0,96.0,0.04,1.0,0,0.0,1.0,93.68
2397.0,8.166666666666666,98.0,0.04083333333333333,1.0,0,0.0,1.0,96.18
2398.0,8.166666666666666,98.0,0.04083333333333333,1.0,0,0.0,1.0,97.845
2399.0,8.166666666666666,98.0,0.04083333333333333,1.0,0,0.0,1.0,99.08
2400.0,8.166666666666666,98.0,0.04083333333333333,1.0,0,0.0,1.0,100.025
2401.0,8.166666666666666,98.0,0.04083333333333333,1.0,0,0.0,1.0,100.665
2402.0,8.166666666666666,98.0,0.04083333333333333,1.0,0,0.0,1.0,100.85
2403.0,8.166666666666666,98.0,0.04083333333333333,1.0,0,0.0,1.0,100.985
2404.0,8.166666666666666,98.0,0.04083333333333333,1.0,0,0.0,1.0,101.06
2405.0,8.166666666666666,98.0,0.04083333333333333,1.0,0,0.0,1.0,101.985
2406.0,8.166666666666666,98.0,0.04083333333333333,1.0,0,0.0,1.0,103.775
2407.0,8.0,96.0,0.04,1.0,0,0.0,1.0,105.365
2408.0,8.0,96.0,0.04,1.0,0,0.0,1.0,106.92
2409.0,8.0,96.0,0.04,1.0,0,0.0,1.0,107.69
2410.0,8.0,96.0,0.04,1.0,0,0.0,1.0,108.455
2411.0,8.0,96.0,0.04,1.0,0,0.0,1.0,109.375
2412.0,8.0,96.0,0.04,1.0,0,0.0,1.0,110.295
2413.0,8.166666666666666,98.0,0.04083333333333333,1.0,0,0.0,1.0,110.405
2414.0,8.0,96.0,0.04,1.0,0,0.0,1.0,110.465
2415.0,8.0,96.0,0.04,1.0,0,0.0,1.0,110.465
2416.0,8.0,96.0,0.04,1.0,0,0.0,1.0,110.995
2417.0,8.0,96.0,0.04,1.0,0,0.0,1.0,111.895
2418.0,8.0,96.0,0.04,1.0,0,0.0,1.0,112.795
2419.0,8.0,96.0,0.04,1.0,0,0.0,1.0,113.695
2420.0,8.0,96.0,0.04,1.0,0,0.0,1.0,114.595
2421.0,7.833333333333333,94.0,0.03916666666666667,1.0,0,0.0,1.0,115.305
2422.0,7.833333333333333,94.0,0.03916666666666667,1.0,0,0.0,1.0,116.01
2423.0,7.833333333333333,94.0,0.03916666666666667,1.0,0,0.0,1.0,116.71
2424.0,7.833333333333333,94.0,0.03916666666666667,1.0,0,0.0,1.0,117.405
2425.0,8.0,96.0,0.04,1.0,0,0.0,1.0,117.595
2426.0,7.833333333333333,94.0,0.03916666666666667,1.0,0,0.0,1.0,117.785
2427.0,7.833333333333333,94.0,0.03916666666666667,1.0,0,0.0,1.0,117.96
2428.0,7.833333333333333,94.0,0.03916666666666667,1.0,0,0.0,1.0,118.135
2429.0,7.833333333333333,94.0,0.03916666666666667,1.0,0,0.0,1.0,118.995
2430.0,7.833333333333333,94.0,0.03916666666666667,1.0,0,0.0,1.0,119.855
2431.0,7.833333333333333,94.0,0.03916666666666667,1.0,0,0.0,1.0,120.715
2432.0,7.833333333333333,94.0,0.03916666666666667,1.0,0,0.0,1.0,121.575
2433.0,8.0,96.0,0.04,1.0,0,0.0,1.0,122.44
2434.0,8.0,96.0,0.04,1.0,0,0.0,1.0,123.31
2435.0,8.0,96.0,0.04,1.0,0,0.0,1.0,124.185
2436.0,8.0,96.0,0.04,1.0,0,0.0,1.0,125.065
2437.0,8.166666666666666,98.0,0.04083333333333333,1.0,0,0.0,1.0,125.945
2438.0,8.0,96.0,0.04,1.0,0,0.0,1.0,126.205
2439.0,8.0,96.0,0.04,1.0,0,0.0,1.0,126.455
2440.0,8.0,96.0,0.04,1.0,0,0.0,1.0,126.685
2441.0,8.0,96.0,0.04,1.0,0,0.0,1.0,127.55
2442.0,8.166666666666666,98.0,0.04083333333333333,1.0,0,0.0,1.0,128.42
2443.0,8.25,99.0,0.04125,1.0,0,0.0,1.0,129.3
2444.0,8.25,99.0,0.04125,1.0,0,0.0,1.0,130.19
2445.0,8.25,99.0,0.04125,1.0,0,0.0,1.0,131.085
2446.0,8.25,99.0,0.04125,1.0,0,0.0,1.0,131.985
2447.0,8.25,99.0,0.04125,1.0,0,0.0,1.0,132.885
2448.0,8.25,99.0,0.04125,1.0,0,0.0,1.0,133.785
2449.0,8.333333333333334,100.0,0.041666666666666664,1.0,0,0.0,1.0,134.665
2450.0,8.25,99.0,0.04125,1.0,0,0.0,1.0,135.24
2451.0,8.333333333333334,100.0,0.041666666666666664,1.0,0,0.0,1.0,135.74
2452.0,8.166666666666666,98.0,0.04083333333333333,1.0,0,0.0,1.0,136.12
2453.0,8.166666666666666,98.0,0.04083333333333333,1.0,0,0.0,1.0,136.91
2454.0,8.166666666666666,98.0,0.04083333333333333,1.0,0,0.0,1.0,137.7
2455.0,8.166666666666666,98.0,0.04083333333333333,1.0,0,0.0,1.0,138.485
2456.0,8.166666666666666,98.0,0.04083333333333333,1.0,0,0.0,1.0,139.365
2457.0,8.166666666666666,98.0,0.04083333333333333,1.0,0,0.0,1.0,140.245
2458.0,8.333333333333334,100.0,0.041666666666666664,1.0,0,0.0,1.0,141.13
2459.0,8.333333333333334,100.0,0.041666666666666664,1.0,0,0.0,1.0,142.02
2460.0,8.333333333333334,100.0,0.041666666666666664,1.0,0,0.0,1.0,142.915
2461.0,8.416666666666666,101.0,0.042083333333333334,1.0,0,0.0,1.0,143.775
2462.0,8.333333333333334,100.0,0.041666666666666664,1.0,0,0.0,1.0,144.33
2463.0,8.333333333333334,100.0,0.041666666666666664,1.0,0,0.0,1.0,145.22
2464.0,8.333333333333334,100.0,0.041666666666666664,1.0,0,0.0,1.0,146.11
2465.0,8.333333333333334,100.0,0.041666666666666664,1.0,0,0.0,1.0,147.0
2466.0,8.333333333333334,100.0,0.041666666666666664,1.0,0,0.0,1.0,147.85
2467.0,8.333333333333334,100.0,0.041666666666666664,1.0,0,0.0,1.0,148.7
2468.0,8.416666666666666,101.0,0.042083333333333334,1.0,0,0.0,1.0,149.555
2469.0,8.416666666666666,101.0,0.042083333333333334,1.0,0,0.0,1.0,150.415
2470.0,8.416666666666666,101.0,0.042083333333333334,1.0,0,0.0,1.0,151.32
2471.0,8.416666666666666,101.0,0.042083333333333334,1.0,0,0.0,1.0,152.23
2472.0,8.416666666666666,101.0,0.042083333333333334,1.0,0,0.0,1.0,153.14
2473.0,8.583333333333334,103.0,0.042916666666666665,1.0,0,0.0,1.0,154.05
2474.0,8.416666666666666,101.0,0.042083333333333334,1.0,0,0.0,1.0,154.96
2475.0,8.416666666666666,101.0,0.042083333333333334,1.0,0,0.0,1.0,155.87
2476.0,8.416666666666666,101.0,0.042083333333333334,1.0,0,0.0,1.0,156.74
2477.0,8.416666666666666,101.0,0.042083333333333334,1.0,0,0.0,1.0,157.645
2478.0,8.416666666666666,101.0,0.042083333333333334,1.0,0,0.0,1.0,158.55
2479.0,8.416666666666666,101.0,0.042083333333333334,1.0,0,0.0,1.0,159.455
2480.0,8.416666666666666,101.0,0.042083333333333334,1.0,0,0.0,1.0,160.36
2481.0,8.333333333333334,100.0,0.041666666666666664,1.0,0,0.0,1.0,159.76
2482.0,8.25,99.0,0.04125,1.0,0,0.0,1.0,158.995
2483.0,8.25,99.0,0.04125,1.0,0,0.0,1.0,158.22
2484.0,8.25,99.0,0.04125,1.0,0,0.0,1.0,159.02
2485.0,8.416666666666666,101.0,0.042083333333333334,1.0,0,0.0,1.0,159.9
2486.0,8.25,99.0,0.04125,1.0,0,0.0,1.0,160.785
2487.0,8.25,99.0,0.04125,1.0,0,0.0,1.0,161.58
2488.0,8.25,99.0,0.04125,1.0,0,0.0,1.0,162.47
2489.0,8.25,99.0,0.04125,1.0,0,0.0,1.0,163.36
2490.0,8.25,99.0,0.04125,1.0,0,0.0,1.0,164.25
2491.0,8.25,99.0,0.04125,1.0,0,0.0,1.0,165.14
2492.0,8.25,99.0,0.04125,1.0,0,0.0,1.0,166.03
2493.0,8.416666666666666,101.0,0.042083333333333334,1.0,0,0.0,1.0,166.925
2494.0,8.416666666666666,101.0,0.042083333333333334,1.0,0,0.0,1.0,167.825
2495.0,8.416666666666666,101.0,0.042083333333333334,1.0,0,0.0,1.0,168.73
2496.0,8.416666666666666,101.0,0.042083333333333334,1.0,0,0.0,1.0,169.64
2497.0,8.75,105.0,0.04375,1.0,0,0.0,1.0,170.555
2498.0,8.583333333333334,103.0,0.042916666666666665,1.0,0,0.0,1.0,171.335
2499.0,8.583333333333334,103.0,0.042916666666666665,1.0,0,0.0,1.0,172.255
2500.0,8.583333333333334,103.0,0.042916666666666665,1.0,0,0.0,1.0,173.15
2501.0,8.583333333333334,103.0,0.042916666666666665,1.0,0,0.0,1.0,174.065
2502.0,8.583333333333334,103.0,0.042916666666666665,1.0,0,0.0,1.0,174.98
2503.0,8.583333333333334,103.0,0.042916666666666665,1.0,0,0.0,1.0,175.895
2504.0,8.583333333333334,103.0,0.042916666666666665,1.0,0,0.0,1.0,176.81
2505.0,8.666666666666666,104.0,0.043333333333333335,1.0,0,0.0,1.0,177.73
2506.0,8.666666666666666,104.0,0.043333333333333335,1.0,0,0.0,1.0,178.655
2507.0,8.666666666666666,104.0,0.043333333333333335,1.0,0,0.0,1.0,179.585
2508.0,8.666666666666666,104.0,0.043333333333333335,1.0,0,0.0,1.0,180.515
2509.0,8.833333333333334,106.0,0.04416666666666667,1.0,0,0.0,1.0,181.445
2510.0,8.666666666666666,104.0,0.043333333333333335,1.0,0,0.0,1.0,182.375
2511.0,8.666666666666666,104.0,0.043333333333333335,1.0,0,0.0,1.0,182.39
2512.0,8.666666666666666,104.0,0.043333333333333335,1.0,0,0.0,1.0,183.315
2513.0,8.666666666666666,104.0,0.043333333333333335,1.0,0,0.0,1.0,184.24
2514.0,8.666666666666666,104.0,0.043333333333333335,1.0,0,0.0,1.0,185.165
2515.0,8.666666666666666,104.0,0.043333333333333335,1.0,0,0.0,1.0,186.09
2516.0,8.666666666666666,104.0,0.043333333333333335,1.0,0,0.0,1.0,187.015
2517.0,8.666666666666666,104.0,0.043333333333333335,1.0,0,0.0,1.0,187.94
2518.0,8.5,102.0,0.0425,1.0,0,0.0,1.0,188.735
2519.0,8.5,102.0,0.0425,1.0,0,0.0,1.0,189.525
2520.0,8.5,102.0,0.0425,1.0,0,0.0,1.0,190.31
2521.0,8.416666666666666,101.0,0.042083333333333334,1.0,0,0.0,1.0,189.67
2522.0,8.5,102.0,0.0425,1.0,0,0.0,1.0,189.51
2523.0,8.5,102.0,0.0425,1.0,0,0.0,1.0,188.86
2524.0,8.5,102.0,0.0425,1.0,0,0.0,1.0,189.755
2525.0,8.5,102.0,0.0425,1.0,0,0.0,1.0,190.65
2526.0,8.5,102.0,0.0425,1.0,0,0.0,1.0,191.545
2527.0,8.5,102.0,0.0425,1.0,0,0.0,1.0,192.44
2528.0,8.333333333333334,100.0,0.041666666666666664,1.0,0,0.0,1.0,191.83
2529.0,8.333333333333334,100.0,0.041666666666666664,1.0,0,0.0,1.0,189.715
2530.0,8.166666666666666,98.0,0.04083333333333333,1.0,0,0.0,1.0,186.095
2531.0,8.0,96.0,0.04,1.0,0,0.0,1.0,182.87
2532.0,8.166666666666666,98.0,0.04083333333333333,1.0,0,0.0,1.0,181.14
2533.0,8.5,102.0,0.0425,1.0,0,0.0,1.0,179.44
2534.0,8.166666666666666,98.0,0.04083333333333333,1.0,0,0.0,1.0,175.84
2535.0,7.833333333333333,94.0,0.03916666666666667,1.0,0,0.0,1.0,169.905
2536.0,7.833333333333333,94.0,0.03916666666666667,1.0,0,0.0,1.0,163.92
2537.0,7.666666666666667,92.0,0.03833333333333333,1.0,0,0.0,1.0,159.43
2538.0,7.666666666666667,92.0,0.03833333333333333,1.0,0,0.0,1.0,155.77
2539.0,7.583333333333333,91.0,0.03791666666666667,1.0,0,0.0,1.0,150.6
2540.0,7.25,87.0,0.03625,1.0,0,0.0,1.0,142.45
2541.0,7.0,84.0,0.035,1.0,0,0.0,1.0,130.025
2542.0,6.416666666666667,77.0,0.03208333333333333,1.0,0,0.0,1.0,116.155
2543.0,6.166666666666667,74.0,0.030833333333333334,1.0,0,0.0,1.0,107.58
2544.0,5.833333333333333,70.0,0.029166666666666667,1.0,0,0.0,1.0,98.955
2545.0,6.083333333333333,73.0,0.030416666666666668,1.0,0,0.0,1.0,93.17
2546.0,6.083333333333333,73.0,0.030416666666666668,1.0,0,0.0,1.0,88.85
2547.0,6.25,75.0,0.03125,1.0,0,0.0,1.0,85.18
2548.0,6.333333333333333,76.0,0.03166666666666667,1.0,0,0.0,1.0,80.36
2549.0,6.083333333333333,73.0,0.030416666666666668,1.0,0,0.0,1.0,74.665
2550.0,6.166666666666667,74.0,0.030833333333333334,1.0,0,0.0,1.0,68.895
2551.0,6.25,75.0,0.03125,1.0,0,0.0,1.0,65.32
2552.0,6.5,78.0,0.0325,1.0,0,0.0,1.0,63.51
2553.0,6.833333333333333,82.0,0.034166666666666665,1.0,0,0.0,1.0,63.335
2554.0,6.833333333333333,82.0,0.034166666666666665,1.0,0,0.0,1.0,63.715
2555.0,7.083333333333333,85.0,0.035416666666666666,1.0,0,0.0,1.0,64.445
2556.0,7.25,87.0,0.03625,1.0,0,0.0,1.0,65.19
2557.0,7.583333333333333,91.0,0.03791666666666667,1.0,0,0.0,1.0,65.955
2558.0,7.666666666666667,92.0,0.03833333333333333,1.0,0,0.0,1.0,66.605
2559.0,7.833333333333333,94.0,0.03916666666666667,1.0,0,0.0,1.0,67.33
2560.0,8.0,96.0,0.04,1.0,0,0.0,1.0,68.16
2561.0,8.0,96.0,0.04,1.0,0,0.0,1.0,69.005
2562.0,8.166666666666666,98.0,0.04083333333333333,1.0,0,0.0,1.0,69.86
2563.0,8.0,96.0,0.04,1.0,0,0.0,1.0,70.545
2564.0,8.0,96.0,0.04,1.0,0,0.0,1.0,71.23
2565.0,8.083333333333334,97.0,0.04041666666666666,1.0,0,0.0,1.0,71.915
2566.0,8.0,96.0,0.04,1.0,0,0.0,1.0,72.64
2567.0,8.0,96.0,0.04,1.0,0,0.0,1.0,73.49
2568.0,8.0,96.0,0.04,1.0,0,0.0,1.0,74.22
2569.0,8.166666666666666,98.0,0.04083333333333333,1.0,0,0.0,1.0,74.945
2570.0,8.0,96.0,0.04,1.0,0,0.0,1.0,75.8
2571.0,8.0,96.0,0.04,1.0,0,0.0,1.0,76.655
2572.0,8.0,96.0,0.04,1.0,0,0.0,1.0,77.51
2573.0,8.0,96.0,0.04,1.0,0,0.0,1.0,78.365
2574.0,8.0,96.0,0.04,1.0,0,0.0,1.0,79.22
2575.0,8.0,96.0,0.04,1.0,0,0.0,1.0,80.075
2576.0,8.0,96.0,0.04,1.0,0,0.0,1.0,80.93
2577.0,8.0,96.0,0.04,1.0,0,0.0,1.0,81.785
2578.0,8.166666666666666,98.0,0.04083333333333333,1.0,0,0.0,1.0,82.645
2579.0,8.166666666666666,98.0,0.04083333333333333,1.0,0,0.0,1.0,83.51
2580.0,8.333333333333334,100.0,0.041666666666666664,1.0,0,0.0,1.0,84.385
2581.0,8.416666666666666,101.0,0.042083333333333334,1.0,0,0.0,1.0,85.265
2582.0,8.333333333333334,100.0,0.041666666666666664,1.0,0,0.0,1.0,86.15
2583.0,8.333333333333334,100.0,0.041666666666666664,1.0,0,0.0,1.0,85.76
2584.0,8.333333333333334,100.0,0.041666666666666664,1.0,0,0.0,1.0,86.64
2585.0,8.333333333333334,100.0,0.041666666666666664,1.0,0,0.0,1.0,87.52
2586.0,8.333333333333334,100.0,0.041666666666666664,1.0,0,0.0,1.0,88.4
2587.0,8.0,96.0,0.04,1.0,0,0.0,1.0,90.34
2588.0,8.0,96.0,0.04,1.0,0,0.0,1.0,90.98
2589.0,8.0,96.0,0.04,1.0,0,0.0,1.0,91.61
2590.0,8.0,96.0,0.04,1.0,0,0.0,1.0,92.465
2591.0,8.0,96.0,0.04,1.0,0,0.0,1.0,93.32
2592.0,8.0,96.0,0.04,1.0,0,0.0,1.0,94.175
2593.0,8.083333333333334,97.0,0.04041666666666666,1.0,0,0.0,1.0,95.03
2594.0,8.0,96.0,0.04,1.0,0,0.0,1.0,95.885
2595.0,8.0,96.0,0.04,1.0,0,0.0,1.0,96.74
2596.0,8.166666666666666,98.0,0.04083333333333333,1.0,0,0.0,1.0,97.6
2597.0,8.166666666666666,98.0,0.04083333333333333,1.0,0,0.0,1.0,98.465
2598.0,8.166666666666666,98.0,0.04083333333333333,1.0,0,0.0,1.0,99.335
2599.0,8.166666666666666,98.0,0.04083333333333333,1.0,0,0.0,1.0,100.205
2600.0,8.333333333333334,100.0,0.041666666666666664,1.0,0,0.0,1.0,101.08
2601.0,8.166666666666666,98.0,0.04083333333333333,1.0,0,0.0,1.0,101.76
2602.0,8.166666666666666,98.0,0.04083333333333333,1.0,0,0.0,1.0,102.44
2603.0,8.25,99.0,0.04125,1.0,0,0.0,1.0,103.12
2604.0,8.25,99.0,0.04125,1.0,0,0.0,1.0,104.0
2605.0,8.416666666666666,101.0,0.042083333333333334,1.0,0,0.0,1.0,104.885
2606.0,8.25,99.0,0.04125,1.0,0,0.0,1.0,105.77
2607.0,8.25,99.0,0.04125,1.0,0,0.0,1.0,105.26
2608.0,8.083333333333334,97.0,0.04041666666666666,1.0,0,0.0,1.0,106.075
2609.0,8.083333333333334,97.0,0.04041666666666666,1.0,0,0.0,1.0,106.885
2610.0,8.083333333333334,97.0,0.04041666666666666,1.0,0,0.0,1.0,107.69
2611.0,8.083333333333334,97.0,0.04041666666666666,1.0,0,0.0,1.0,108.555
2612.0,8.083333333333334,97.0,0.04041666666666666,1.0,0,0.0,1.0,109.42
2613.0,8.083333333333334,97.0,0.04041666666666666,1.0,0,0.0,1.0,110.285
2614.0,8.083333333333334,97.0,0.04041666666666666,1.0,0,0.0,1.0,111.15
2615.0,8.083333333333334,97.0,0.04041666666666666,1.0,0,0.0,1.0,112.015
2616.0,8.25,99.0,0.04125,1.0,0,0.0,1.0,112.885
2617.0,8.416666666666666,101.0,0.042083333333333334,1.0,0,0.0,1.0,113.76
2618.0,8.25,99.0,0.04125,1.0,0,0.0,1.0,114.64
2619.0,8.25,99.0,0.04125,1.0,0,0.0,1.0,115.52
2620.0,8.25,99.0,0.04125,1.0,0,0.0,1.0,117.86
2621.0,8.416666666666666,101.0,0.042083333333333334,1.0,0,0.0,1.0,118.75
2622.0,8.416666666666666,101.0,0.042083333333333334,1.0,0,0.0,1.0,119.645
2623.0,8.416666666666666,101.0,0.042083333333333334,1.0,0,0.0,1.0,120.545
2624.0,8.416666666666666,101.0,0.042083333333333334,1.0,0,0.0,1.0,121.445
2625.0,8.416666666666666,101.0,0.042083333333333334,1.0,0,0.0,1.0,122.345
2626.0,8.083333333333334,97.0,0.04041666666666666,1.0,0,0.0,1.0,120.235
2627.0,7.916666666666667,95.0,0.03958333333333333,1.0,0,0.0,1.0,115.125
2628.0,7.75,93.0,0.03875,1.0,0,0.0,1.0,108.51
2629.0,7.416666666666667,89.0,0.037083333333333336,1.0,0,0.0,1.0,100.395
2630.0,7.083333333333333,85.0,0.035416666666666666,1.0,0,0.0,1.0,94.105
2631.0,7.25,87.0,0.03625,1.0,0,0.0,1.0,87.815
2632.0,7.083333333333333,85.0,0.035416666666666666,1.0,0,0.0,1.0,83.025
2633.0,7.083333333333333,85.0,0.035416666666666666,1.0,0,0.0,1.0,79.405
2634.0,7.083333333333333,85.0,0.035416666666666666,1.0,0,0.0,1.0,75.92
2635.0,7.25,87.0,0.03625,1.0,0,0.0,1.0,73.91
2636.0,7.5,90.0,0.0375,1.0,0,0.0,1.0,73.38
2637.0,7.5,90.0,0.0375,1.0,0,0.0,1.0,74.145
2638.0,7.666666666666667,92.0,0.03833333333333333,1.0,0,0.0,1.0,74.92
2639.0,7.833333333333333,94.0,0.03916666666666667,1.0,0,0.0,1.0,75.705
2640.0,8.0,96.0,0.04,1.0,0,0.0,1.0,76.555
2641.0,8.333333333333334,100.0,0.041666666666666664,1.0,0,0.0,1.0,77.42
2642.0,8.5,102.0,0.0425,1.0,0,0.0,1.0,78.305
2643.0,8.333333333333334,100.0,0.041666666666666664,1.0,0,0.0,1.0,77.7
2644.0,8.166666666666666,98.0,0.04083333333333333,1.0,0,0.0,1.0,76.57
2645.0,8.0,96.0,0.04,1.0,0,0.0,1.0,75.41
2646.0,7.833333333333333,94.0,0.03916666666666667,1.0,0,0.0,1.0,75.585
2647.0,8.0,96.0,0.04,1.0,0,0.0,1.0,76.28
2648.0,8.0,96.0,0.04,1.0,0,0.0,1.0,76.99
2649.0,8.166666666666666,98.0,0.04083333333333333,1.0,0,0.0,1.0,77.86
2650.0,8.166666666666666,98.0,0.04083333333333333,1.0,0,0.0,1.0,78.735
2651.0,8.166666666666666,98.0,0.04083333333333333,1.0,0,0.0,1.0,79.615
2652.0,8.166666666666666,98.0,0.04083333333333333,1.0,0,0.0,1.0,80.495
2653.0,8.25,99.0,0.04125,1.0,0,0.0,1.0,81.375
2654.0,8.166666666666666,98.0,0.04083333333333333,1.0,0,0.0,1.0,82.255
2655.0,8.166666666666666,98.0,0.04083333333333333,1.0,0,0.0,1.0,83.135
2656.0,8.166666666666666,98.0,0.04083333333333333,1.0,0,0.0,1.0,84.015
2657.0,8.333333333333334,100.0,0.041666666666666664,1.0,0,0.0,1.0,84.9
2658.0,8.5,102.0,0.0425,1.0,0,0.0,1.0,85.795
2659.0,8.5,102.0,0.0425,1.0,0,0.0,1.0,86.7
2660.0,8.416666666666666,101.0,0.042083333333333334,1.0,0,0.0,1.0,86.105
2661.0,8.333333333333334,100.0,0.041666666666666664,1.0,0,0.0,1.0,84.72
2662.0,8.416666666666666,101.0,0.042083333333333334,1.0,0,0.0,1.0,82.84
2663.0,8.416666666666666,101.0,0.042083333333333334,1.0,0,0.0,1.0,82.455
2664.0,8.583333333333334,103.0,0.042916666666666665,1.0,0,0.0,1.0,82.855
2665.0,8.666666666666666,104.0,0.043333333333333335,1.0,0,0.0,1.0,83.255
2666.0,8.666666666666666,104.0,0.043333333333333335,1.0,0,0.0,1.0,82.49
2667.0,8.916666666666666,107.0,0.044583333333333336,1.0,0,0.0,1.0,82.76
2668.0,8.916666666666666,107.0,0.044583333333333336,1.0,0,0.0,1.0,83.675
2669.0,8.916666666666666,107.0,0.044583333333333336,1.0,0,0.0,1.0,84.6
2670.0,9.083333333333334,109.0,0.04541666666666667,1.0,0,0.0,1.0,85.53
2671.0,9.083333333333334,109.0,0.04541666666666667,1.0,0,0.0,1.0,86.465
2672.0,9.083333333333334,109.0,0.04541666666666667,1.0,0,0.0,1.0,87.405
2673.0,9.083333333333334,109.0,0.04541666666666667,1.0,0,0.0,1.0,88.345
2674.0,9.083333333333334,109.0,0.04541666666666667,1.0,0,0.0,1.0,89.285
2675.0,9.0,108.0,0.045,1.0,0,0.0,1.0,90.225
2676.0,9.166666666666666,110.0,0.04583333333333333,1.0,0,0.0,1.0,91.17
2677.0,9.25,111.0,0.04625,1.0,0,0.0,1.0,91.45
2678.0,9.166666666666666,110.0,0.04583333333333333,1.0,0,0.0,1.0,92.4
2679.0,9.166666666666666,110.0,0.04583333333333333,1.0,0,0.0,1.0,93.35
2680.0,9.166666666666666,110.0,0.04583333333333333,1.0,0,0.0,1.0,94.985
2681.0,9.166666666666666,110.0,0.04583333333333333,1.0,0,0.0,1.0,95.94
2682.0,9.166666666666666,110.0,0.04583333333333333,1.0,0,0.0,1.0,96.895
2683.0,9.166666666666666,110.0,0.04583333333333333,1.0,0,0.0,1.0,97.85
2684.0,9.166666666666666,110.0,0.04583333333333333,1.0,0,0.0,1.0,98.805
2685.0,9.166666666666666,110.0,0.04583333333333333,1.0,0,0.0,1.0,99.76
2686.0,9.166666666666666,110.0,0.04583333333333333,1.0,0,0.0,1.0,100.715
2687.0,9.166666666666666,110.0,0.04583333333333333,1.0,0,0.0,1.0,101.67
2688.0,9.166666666666666,110.0,0.04583333333333333,1.0,0,0.0,1.0,102.625
2689.0,9.25,111.0,0.04625,1.0,0,0.0,1.0,102.85
2690.0,9.166666666666666,110.0,0.04583333333333333,1.0,0,0.0,1.0,103.14
2691.0,9.166666666666666,110.0,0.04583333333333333,1.0,0,0.0,1.0,103.365
2692.0,9.166666666666666,110.0,0.04583333333333333,1.0,0,0.0,1.0,104.305
2693.0,9.166666666666666,110.0,0.04583333333333333,1.0,0,0.0,1.0,105.245
2694.0,9.25,111.0,0.04625,1.0,0,0.0,1.0,106.19
2695.0,9.25,111.0,0.04625,1.0,0,0.0,1.0,107.14
2696.0,9.166666666666666,110.0,0.04583333333333333,1.0,0,0.0,1.0,107.335
2697.0,9.083333333333334,109.0,0.04541666666666667,1.0,0,0.0,1.0,105.65
2698.0,8.833333333333334,106.0,0.04416666666666667,1.0,0,0.0,1.0,102.7
2699.0,8.833333333333334,106.0,0.04416666666666667,1.0,0,0.0,1.0,101.26
2700.0,8.833333333333334,106.0,0.04416666666666667,1.0,0,0.0,1.0,100.845
2701.0,8.916666666666666,107.0,0.044583333333333336,1.0,0,0.0,1.0,101.585
2702.0,8.75,105.0,0.04375,1.0,0,0.0,1.0,102.32
2703.0,8.833333333333334,106.0,0.04416666666666667,1.0,0,0.0,1.0,102.24
2704.0,8.833333333333334,106.0,0.04416666666666667,1.0,0,0.0,1.0,103.145
2705.0,8.833333333333334,106.0,0.04416666666666667,1.0,0,0.0,1.0,104.055
2706.0,8.833333333333334,106.0,0.04416666666666667,1.0,0,0.0,1.0,104.965
2707.0,8.833333333333334,106.0,0.04416666666666667,1.0,0,0.0,1.0,105.875
2708.0,9.0,108.0,0.045,1.0,0,0.0,1.0,106.79
2709.0,9.0,108.0,0.045,1.0,0,0.0,1.0,107.71
2710.0,9.0,108.0,0.045,1.0,0,0.0,1.0,109.485
2711.0,9.0,108.0,0.045,1.0,0,0.0,1.0,110.625
2712.0,9.0,108.0,0.045,1.0,0,0.0,1.0,111.56
2713.0,9.166666666666666,110.0,0.04583333333333333,1.0,0,0.0,1.0,112.495
2714.0,9.0,108.0,0.045,1.0,0,0.0,1.0,113.205
2715.0,9.0,108.0,0.045,1.0,0,0.0,1.0,113.26
2716.0,9.0,108.0,0.045,1.0,0,0.0,1.0,114.185
2717.0,9.0,108.0,0.045,1.0,0,0.0,1.0,115.11
2718.0,9.166666666666666,110.0,0.04583333333333333,1.0,0,0.0,1.0,116.04
2719.0,9.166666666666666,110.0,0.04583333333333333,1.0,0,0.0,1.0,116.975
2720.0,9.333333333333334,112.0,0.04666666666666667,1.0,0,0.0,1.0,117.92
2721.0,9.333333333333334,112.0,0.04666666666666667,1.0,0,0.0,1.0,118.87
2722.0,9.333333333333334,112.0,0.04666666666666667,1.0,0,0.0,1.0,119.825
2723.0,9.333333333333334,112.0,0.04666666666666667,1.0,0,0.0,1.0,120.78
2724.0,9.333333333333334,112.0,0.04666666666666667,1.0,0,0.0,1.0,121.735
2725.0,9.666666666666666,116.0,0.04833333333333333,1.0,0,0.0,1.0,121.785
2726.0,9.5,114.0,0.0475,1.0,0,0.0,1.0,121.905
2727.0,9.5,114.0,0.0475,1.0,0,0.0,1.0,121.965
2728.0,9.5,114.0,0.0475,1.0,0,0.0,1.0,122.92
2729.0,9.5,114.0,0.0475,1.0,0,0.0,1.0,123.875
2730.0,9.5,114.0,0.0475,1.0,0,0.0,1.0,124.83
2731.0,9.5,114.0,0.0475,1.0,0,0.0,1.0,125.785
2732.0,9.5,114.0,0.0475,1.0,0,0.0,1.0,126.74
2733.0,9.5,114.0,0.0475,1.0,0,0.0,1.0,127.695
2734.0,9.5,114.0,0.0475,1.0,0,0.0,1.0,128.65
2735.0,9.5,114.0,0.0475,1.0,0,0.0,1.0,129.605
2736.0,9.333333333333334,112.0,0.04666666666666667,1.0,0,0.0,1.0,130.465
2737.0,9.5,114.0,0.0475,1.0,0,0.0,1.0,130.35
2738.0,9.333333333333334,112.0,0.04666666666666667,1.0,0,0.0,1.0,130.25
2739.0,9.333333333333334,112.0,0.04666666666666667,1.0,0,0.0,1.0,130.215
2740.0,9.333333333333334,112.0,0.04666666666666667,1.0,0,0.0,1.0,131.14
2741.0,9.333333333333334,112.0,0.04666666666666667,1.0,0,0.0,1.0,132.065
2742.0,9.166666666666666,110.0,0.04583333333333333,1.0,0,0.0,1.0,131.485
2743.0,8.833333333333334,106.0,0.04416666666666667,1.0,0,0.0,1.0,130.19
2744.0,8.833333333333334,106.0,0.04416666666666667,1.0,0,0.0,1.0,128.45
2745.0,8.833333333333334,106.0,0.04416666666666667,1.0,0,0.0,1.0,128.2
2746.0,8.833333333333334,106.0,0.04416666666666667,1.0,0,0.0,1.0,128.65
2747.0,9.0,108.0,0.045,1.0,0,0.0,1.0,129.535
2748.0,9.166666666666666,110.0,0.04583333333333333,1.0,0,0.0,1.0,130.43
2749.0,9.416666666666666,113.0,0.04708333333333333,1.0,0,0.0,1.0,130.615
2750.0,9.333333333333334,112.0,0.04666666666666667,1.0,0,0.0,1.0,130.97
2751.0,9.333333333333334,112.0,0.04666666666666667,1.0,0,0.0,1.0,130.865
2752.0,9.333333333333334,112.0,0.04666666666666667,1.0,0,0.0,1.0,131.775
2753.0,9.333333333333334,112.0,0.04666666666666667,1.0,0,0.0,1.0,132.685
2754.0,9.333333333333334,112.0,0.04666666666666667,1.0,0,0.0,1.0,133.595
2755.0,9.333333333333334,112.0,0.04666666666666667,1.0,0,0.0,1.0,134.505
2756.0,9.333333333333334,112.0,0.04666666666666667,1.0,0,0.0,1.0,136.46
2757.0,9.333333333333334,112.0,0.04666666666666667,1.0,0,0.0,1.0,137.97
2758.0,9.333333333333334,112.0,0.04666666666666667,1.0,0,0.0,1.0,139.66
2759.0,9.333333333333334,112.0,0.04666666666666667,1.0,0,0.0,1.0,140.585
2760.0,9.333333333333334,112.0,0.04666666666666667,1.0,0,0.0,1.0,141.51
2761.0,9.5,114.0,0.0475,1.0,0,0.0,1.0,141.65
2762.0,9.333333333333334,112.0,0.04666666666666667,1.0,0,0.0,1.0,141.95
2763.0,9.5,114.0,0.0475,1.0,0,0.0,1.0,141.79
2764.0,9.5,114.0,0.0475,1.0,0,0.0,1.0,142.71
2765.0,9.5,114.0,0.0475,1.0,0,0.0,1.0,143.635
2766.0,9.5,114.0,0.0475,1.0,0,0.0,1.0,144.56
2767.0,9.5,114.0,0.0475,1.0,0,0.0,1.0,145.485
2768.0,9.583333333333334,115.0,0.04791666666666667,1.0,0,0.0,1.0,146.415
2769.0,9.583333333333334,115.0,0.04791666666666667,1.0,0,0.0,1.0,147.35
2770.0,9.666666666666666,116.0,0.04833333333333333,1.0,0,0.0,1.0,148.295
2771.0,9.666666666666666,116.0,0.04833333333333333,1.0,0,0.0,1.0,149.245
2772.0,9.666666666666666,116.0,0.04833333333333333,1.0,0,0.0,1.0,150.2
2773.0,9.916666666666666,119.0,0.04958333333333333,1.0,0,0.0,1.0,150.49
2774.0,9.833333333333334,118.0,0.049166666666666664,1.0,0,0.0,1.0,150.75
2775.0,9.833333333333334,118.0,0.049166666666666664,1.0,0,0.0,1.0,150.575
2776.0,9.833333333333334,118.0,0.049166666666666664,1.0,0,0.0,1.0,151.53
2777.0,9.833333333333334,118.0,0.049166666666666664,1.0,0,0.0,1.0,152.485
2778.0,9.833333333333334,118.0,0.049166666666666664,1.0,0,0.0,1.0,153.44
2779.0,9.833333333333334,118.0,0.049166666666666664,1.0,0,0.0,1.0,154.395
2780.0,9.833333333333334,118.0,0.049166666666666664,1.0,0,0.0,1.0,155.35
2781.0,9.5,114.0,0.0475,1.0,0,0.0,1.0,155.945
2782.0,9.5,114.0,0.0475,1.0,0,0.0,1.0,156.53
2783.0,9.5,114.0,0.0475,1.0,0,0.0,1.0,157.105
2784.0,9.5,114.0,0.0475,1.0,0,0.0,1.0,158.03
2785.0,9.666666666666666,116.0,0.04833333333333333,1.0,0,0.0,1.0,157.785
2786.0,9.5,114.0,0.0475,1.0,0,0.0,1.0,158.065
2787.0,9.666666666666666,116.0,0.04833333333333333,1.0,0,0.0,1.0,158.21
2788.0,9.5,114.0,0.0475,1.0,0,0.0,1.0,159.05
2789.0,9.5,114.0,0.0475,1.0,0,0.0,1.0,159.89
2790.0,9.5,114.0,0.0475,1.0,0,0.0,1.0,160.725
2791.0,9.333333333333334,112.0,0.04666666666666667,1.0,0,0.0,1.0,161.61
2792.0,9.5,114.0,0.0475,1.0,0,0.0,1.0,162.495
2793.0,9.5,114.0,0.0475,1.0,0,0.0,1.0,163.38
2794.0,9.5,114.0,0.0475,1.0,0,0.0,1.0,164.29
2795.0,9.5,114.0,0.0475,1.0,0,0.0,1.0,165.2
2796.0,9.5,114.0,0.0475,1.0,0,0.0,1.0,166.11
2797.0,9.833333333333334,118.0,0.049166666666666664,1.0,0,0.0,1.0,165.82
2798.0,9.666666666666666,116.0,0.04833333333333333,1.0,0,0.0,1.0,165.905
2799.0,9.666666666666666,116.0,0.04833333333333333,1.0,0,0.0,1.0,165.57
2800.0,9.666666666666666,116.0,0.04833333333333333,1.0,0,0.0,1.0,166.48
2801.0,9.666666666666666,116.0,0.04833333333333333,1.0,0,0.0,1.0,167.39
2802.0,9.833333333333334,118.0,0.049166666666666664,1.0,0,0.0,1.0,168.305
2803.0,9.833333333333334,118.0,0.049166666666666664,1.0,0,0.0,1.0,169.225
2804.0,9.833333333333334,118.0,0.049166666666666664,1.0,0,0.0,1.0,170.15
2805.0,9.833333333333334,118.0,0.049166666666666664,1.0,0,0.0,1.0,171.075
2806.0,9.833333333333334,118.0,0.049166666666666664,1.0,0,0.0,1.0,172.0
2807.0,10.0,120.0,0.05,1.0,0,0.0,1.0,172.93
2808.0,10.0,120.0,0.05,1.0,0,0.0,1.0,173.865
2809.0,10.083333333333334,121.0,0.050416666666666665,1.0,0,0.0,1.0,173.43
2810.0,10.0,120.0,0.05,1.0,0,0.0,1.0,173.07
2811.0,10.0,120.0,0.05,1.0,0,0.0,1.0,173.125
2812.0,10.0,120.0,0.05,1.0,0,0.0,1.0,174.05
2813.0,10.0,120.0,0.05,1.0,0,0.0,1.0,174.975
2814.0,10.0,120.0,0.05,1.0,0,0.0,1.0,175.9
2815.0,10.0,120.0,0.05,1.0,0,0.0,1.0,176.825
2816.0,10.0,120.0,0.05,1.0,0,0.0,1.0,177.75
2817.0,10.0,120.0,0.05,1.0,0,0.0,1.0,178.675
2818.0,10.0,120.0,0.05,1.0,0,0.0,1.0,179.6
2819.0,10.0,120.0,0.05,1.0,0,0.0,1.0,180.525
2820.0,10.0,120.0,0.05,1.0,0,0.0,1.0,181.45
2821.0,10.083333333333334,121.0,0.050416666666666665,1.0,0,0.0,1.0,181.035
2822.0,10.0,120.0,0.05,1.0,0,0.0,1.0,181.02
2823.0,10.0,120.0,0.05,1.0,0,0.0,1.0,181.02
2824.0,10.0,120.0,0.05,1.0,0,0.0,1.0,181.93
2825.0,10.0,120.0,0.05,1.0,0,0.0,1.0,182.84
2826.0,10.0,120.0,0.05,1.0,0,0.0,1.0,183.75
2827.0,10.0,120.0,0.05,1.0,0,0.0,1.0,185.595
2828.0,10.083333333333334,121.0,0.050416666666666665,1.0,0,0.0,1.0,187.48
2829.0,10.25,123.0,0.05125,1.0,0,0.0,1.0,189.795
2830.0,10.25,123.0,0.05125,1.0,0,0.0,1.0,190.745
2831.0,10.25,123.0,0.05125,1.0,0,0.0,1.0,191.7
2832.0,10.25,123.0,0.05125,1.0,0,0.0,1.0,192.655
2833.0,9.916666666666666,119.0,0.04958333333333333,1.0,0,0.0,1.0,191.945
2834.0,9.833333333333334,118.0,0.049166666666666664,1.0,0,0.0,1.0,188.315
2835.0,9.583333333333334,115.0,0.04791666666666667,1.0,0,0.0,1.0,185.075
2836.0,9.416666666666666,113.0,0.04708333333333333,1.0,0,0.0,1.0,180.555
2837.0,9.583333333333334,115.0,0.04791666666666667,1.0,0,0.0,1.0,178.505
2838.0,9.416666666666666,113.0,0.04708333333333333,1.0,0,0.0,1.0,176.445
2839.0,9.25,111.0,0.04625,1.0,0,0.0,1.0,172.825
2840.0,8.916666666666666,107.0,0.044583333333333336,1.0,0,0.0,1.0,167.095
2841.0,9.083333333333334,109.0,0.04541666666666667,1.0,0,0.0,1.0,161.375
2842.0,8.916666666666666,107.0,0.044583333333333336,1.0,0,0.0,1.0,158.65
2843.0,8.666666666666666,104.0,0.043333333333333335,1.0,0,0.0,1.0,155.02
2844.0,8.583333333333334,103.0,0.042916666666666665,1.0,0,0.0,1.0,149.88
2845.0,8.666666666666666,104.0,0.043333333333333335,1.0,0,0.0,1.0,141.785
2846.0,8.25,99.0,0.04125,1.0,0,0.0,1.0,134.375
2847.0,7.916666666666667,95.0,0.03958333333333333,1.0,0,0.0,1.0,126.95
2848.0,7.666666666666667,92.0,0.03833333333333333,1.0,0,0.0,1.0,122.59
2849.0,7.5,90.0,0.0375,1.0,0,0.0,1.0,118.975
2850.0,7.0,84.0,0.035,1.0,0,0.0,1.0,116.315
2851.0,7.083333333333333,85.0,0.035416666666666666,1.0,0,0.0,1.0,111.595
2852.0,7.25,87.0,0.03625,1.0,0,0.0,1.0,106.93
2853.0,7.5,90.0,0.0375,1.0,0,0.0,1.0,104.29
2854.0,7.5,90.0,0.0375,1.0,0,0.0,1.0,100.59
2855.0,7.916666666666667,95.0,0.03958333333333333,1.0,0,0.0,1.0,95.505
2856.0,7.833333333333333,94.0,0.03916666666666667,1.0,0,0.0,1.0,89.32
2857.0,7.5,90.0,0.0375,1.0,0,0.0,1.0,84.415
2858.0,7.666666666666667,92.0,0.03833333333333333,1.0,0,0.0,1.0,79.35
2859.0,7.916666666666667,95.0,0.03958333333333333,1.0,0,0.0,1.0,74.6
2860.0,8.166666666666666,98.0,0.04083333333333333,1.0,0,0.0,1.0,72.665
2861.0,8.416666666666666,101.0,0.042083333333333334,1.0,0,0.0,1.0,72.25
2862.0,8.416666666666666,101.0,0.042083333333333334,1.0,0,0.0,1.0,73.01
2863.0,8.666666666666666,104.0,0.043333333333333335,1.0,0,0.0,1.0,73.79
2864.0,8.916666666666666,107.0,0.044583333333333336,1.0,0,0.0,1.0,74.59
2865.0,8.916666666666666,107.0,0.044583333333333336,1.0,0,0.0,1.0,75.41
2866.0,9.166666666666666,110.0,0.04583333333333333,1.0,0,0.0,1.0,76.25
2867.0,9.333333333333334,112.0,0.04666666666666667,1.0,0,0.0,1.0,77.105
2868.0,9.5,114.0,0.0475,1.0,0,0.0,1.0,77.98
2869.0,9.5,114.0,0.0475,1.0,0,0.0,1.0,80.03
2870.0,9.5,114.0,0.0475,1.0,0,0.0,1.0,81.01
2871.0,9.5,114.0,0.0475,1.0,0,0.0,1.0,81.82
2872.0,9.5,114.0,0.0475,1.0,0,0.0,1.0,82.715
2873.0,9.5,114.0,0.0475,1.0,0,0.0,1.0,83.61
2874.0,9.5,114.0,0.0475,1.0,0,0.0,1.0,84.505
2875.0,9.583333333333334,115.0,0.04791666666666667,1.0,0,0.0,1.0,85.405
2876.0,9.583333333333334,115.0,0.04791666666666667,1.0,0,0.0,1.0,86.31
2877.0,9.583333333333334,115.0,0.04791666666666667,1.0,0,0.0,1.0,87.22
2878.0,9.583333333333334,115.0,0.04791666666666667,1.0,0,0.0,1.0,88.13
2879.0,9.583333333333334,115.0,0.04791666666666667,1.0,0,0.0,1.0,89.04
2880.0,9.583333333333334,115.0,0.04791666666666667,1.0,0,0.0,1.0,89.95
2881.0,9.583333333333334,115.0,0.04791666666666667,1.0,0,0.0,1.0,89.52
2882.0,9.416666666666666,113.0,0.04708333333333333,1.0,0,0.0,1.0,90.175
2883.0,9.416666666666666,113.0,0.04708333333333333,1.0,0,0.0,1.0,89.71
2884.0,9.416666666666666,113.0,0.04708333333333333,1.0,0,0.0,1.0,90.59
2885.0,9.416666666666666,113.0,0.04708333333333333,1.0,0,0.0,1.0,91.47
2886.0,9.416666666666666,113.0,0.04708333333333333,1.0,0,0.0,1.0,92.35
2887.0,9.416666666666666,113.0,0.04708333333333333,1.0,0,0.0,1.0,93.23
2888.0,9.416666666666666,113.0,0.04708333333333333,1.0,0,0.0,1.0,94.11
2889.0,9.416666666666666,113.0,0.04708333333333333,1.0,0,0.0,1.0,94.99
2890.0,9.416666666666666,113.0,0.04708333333333333,1.0,0,0.0,1.0,95.87
2891.0,9.583333333333334,115.0,0.04791666666666667,1.0,0,0.0,1.0,96.755
2892.0,9.583333333333334,115.0,0.04791666666666667,1.0,0,0.0,1.0,98.93
2893.0,9.75,117.0,0.04875,1.0,0,0.0,1.0,99.83
2894.0,9.583333333333334,115.0,0.04791666666666667,1.0,0,0.0,1.0,100.73
2895.0,9.583333333333334,115.0,0.04791666666666667,1.0,0,0.0,1.0,100.33
2896.0,9.75,117.0,0.04875,1.0,0,0.0,1.0,101.23
2897.0,9.75,117.0,0.04875,1.0,0,0.0,1.0,102.135
2898.0,9.75,117.0,0.04875,1.0,0,0.0,1.0,103.045
2899.0,9.75,117.0,0.04875,1.0,0,0.0,1.0,103.955
2900.0,9.666666666666666,116.0,0.04833333333333333,1.0,0,0.0,1.0,103.36
2901.0,9.583333333333334,115.0,0.04791666666666667,1.0,0,0.0,1.0,101.265
2902.0,9.666666666666666,116.0,0.04833333333333333,1.0,0,0.0,1.0,98.79
2903.0,9.666666666666666,116.0,0.04833333333333333,1.0,0,0.0,1.0,99.305
2904.0,9.666666666666666,116.0,0.04833333333333333,1.0,0,0.0,1.0,99.82
2905.0,10.083333333333334,121.0,0.050416666666666665,1.0,0,0.0,1.0,99.39
2906.0,9.916666666666666,119.0,0.04958333333333333,1.0,0,0.0,1.0,100.045
2907.0,9.916666666666666,119.0,0.04958333333333333,1.0,0,0.0,1.0,100.87
2908.0,10.0,120.0,0.05,1.0,0,0.0,1.0,101.77
2909.0,10.0,120.0,0.05,1.0,0,0.0,1.0,102.675
2910.0,10.0,120.0,0.05,1.0,0,0.0,1.0,103.585
2911.0,10.0,120.0,0.05,1.0,0,0.0,1.0,104.495
2912.0,10.0,120.0,0.05,1.0,0,0.0,1.0,105.405
2913.0,10.166666666666666,122.0,0.050833333333333335,1.0,0,0.0,1.0,106.425
2914.0,10.166666666666666,122.0,0.050833333333333335,1.0,0,0.0,1.0,107.635
2915.0,10.166666666666666,122.0,0.050833333333333335,1.0,0,0.0,1.0,109.945
2916.0,10.083333333333334,121.0,0.050416666666666665,1.0,0,0.0,1.0,110.76
2917.0,10.25,123.0,0.05125,1.0,0,0.0,1.0,110.19
2918.0,10.083333333333334,121.0,0.050416666666666665,1.0,0,0.0,1.0,110.695
2919.0,9.916666666666666,119.0,0.04958333333333333,1.0,0,0.0,1.0,111.59
2920.0,9.916666666666666,119.0,0.04958333333333333,1.0,0,0.0,1.0,112.48
2921.0,9.916666666666666,119.0,0.04958333333333333,1.0,0,0.0,1.0,113.365
2922.0,10.083333333333334,121.0,0.050416666666666665,1.0,0,0.0,1.0,114.285
2923.0,9.916666666666666,119.0,0.04958333333333333,1.0,0,0.0,1.0,115.065
2924.0,9.916666666666666,119.0,0.04958333333333333,1.0,0,0.0,1.0,115.845
2925.0,9.916666666666666,119.0,0.04958333333333333,1.0,0,0.0,1.0,116.62
2926.0,9.916666666666666,119.0,0.04958333333333333,1.0,0,0.0,1.0,117.535
2927.0,9.916666666666666,119.0,0.04958333333333333,1.0,0,0.0,1.0,118.45
2928.0,9.916666666666666,119.0,0.04958333333333333,1.0,0,0.0,1.0,119.365
2929.0,10.083333333333334,121.0,0.050416666666666665,1.0,0,0.0,1.0,119.83
2930.0,10.083333333333334,121.0,0.050416666666666665,1.0,0,0.0,1.0,119.31
2931.0,9.75,117.0,0.04875,1.0,0,0.0,1.0,116.86
2932.0,9.416666666666666,113.0,0.04708333333333333,1.0,0,0.0,1.0,112.13
2933.0,9.25,111.0,0.04625,1.0,0,0.0,1.0,109.265
2934.0,8.916666666666666,107.0,0.044583333333333336,1.0,0,0.0,1.0,105.985
2935.0,8.583333333333334,103.0,0.042916666666666665,1.0,0,0.0,1.0,100.86
2936.0,8.416666666666666,101.0,0.042083333333333334,1.0,0,0.0,1.0,96.575
2937.0,8.583333333333334,103.0,0.042916666666666665,1.0,0,0.0,1.0,92.785
2938.0,8.416666666666666,101.0,0.042083333333333334,1.0,0,0.0,1.0,90.405
2939.0,8.416666666666666,101.0,0.042083333333333334,1.0,0,0.0,1.0,87.555
2940.0,8.666666666666666,104.0,0.043333333333333335,1.0,0,0.0,1.0,86.185
2941.0,8.833333333333334,106.0,0.04416666666666667,1.0,0,0.0,1.0,85.86
2942.0,8.833333333333334,106.0,0.04416666666666667,1.0,0,0.0,1.0,86.255
2943.0,9.0,108.0,0.045,1.0,0,0.0,1.0,86.655
2944.0,9.166666666666666,110.0,0.04583333333333333,1.0,0,0.0,1.0,87.505
2945.0,9.5,114.0,0.0475,1.0,0,0.0,1.0,88.375
2946.0,9.666666666666666,116.0,0.04833333333333333,1.0,0,0.0,1.0,89.265
2947.0,9.333333333333334,112.0,0.04666666666666667,1.0,0,0.0,1.0,88.45
2948.0,9.5,114.0,0.0475,1.0,0,0.0,1.0,86.14
2949.0,9.333333333333334,112.0,0.04666666666666667,1.0,0,0.0,1.0,82.36
2950.0,9.166666666666666,110.0,0.04583333333333333,1.0,0,0.0,1.0,78.88
2951.0,9.0,108.0,0.045,1.0,0,0.0,1.0,77.405
2952.0,9.0,108.0,0.045,1.0,0,0.0,1.0,75.67
2953.0,9.166666666666666,110.0,0.04583333333333333,1.0,0,0.0,1.0,75.285
2954.0,9.0,108.0,0.045,1.0,0,0.0,1.0,75.395
2955.0,9.166666666666666,110.0,0.04583333333333333,1.0,0,0.0,1.0,75.655
2956.0,9.333333333333334,112.0,0.04666666666666667,1.0,0,0.0,1.0,76.505
2957.0,9.333333333333334,112.0,0.04666666666666667,1.0,0,0.0,1.0,77.36
2958.0,9.666666666666666,116.0,0.04833333333333333,1.0,0,0.0,1.0,78.23
2959.0,9.833333333333334,118.0,0.049166666666666664,1.0,0,0.0,1.0,79.72
2960.0,9.833333333333334,118.0,0.049166666666666664,1.0,0,0.0,1.0,81.14
2961.0,9.5,114.0,0.0475,1.0,0,0.0,1.0,81.835
2962.0,9.5,114.0,0.0475,1.0,0,0.0,1.0,82.44
2963.0,9.5,114.0,0.0475,1.0,0,0.0,1.0,83.035
2964.0,9.5,114.0,0.0475,1.0,0,0.0,1.0,83.925
2965.0,9.666666666666666,116.0,0.04833333333333333,1.0,0,0.0,1.0,84.71
2966.0,9.583333333333334,115.0,0.04791666666666667,1.0,0,0.0,1.0,83.55
2967.0,9.666666666666666,116.0,0.04833333333333333,1.0,0,0.0,1.0,80.785
2968.0,9.416666666666666,113.0,0.04708333333333333,1.0,0,0.0,1.0,78.085
2969.0,9.416666666666666,113.0,0.04708333333333333,1.0,0,0.0,1.0,76.87
2970.0,9.416666666666666,113.0,0.04708333333333333,1.0,0,0.0,1.0,77.25
2971.0,9.5,114.0,0.0475,1.0,0,0.0,1.0,78.1
2972.0,9.5,114.0,0.0475,1.0,0,0.0,1.0,78.955
2973.0,9.5,114.0,0.0475,1.0,0,0.0,1.0,79.815
2974.0,9.583333333333334,115.0,0.04791666666666667,1.0,0,0.0,1.0,80.68
2975.0,9.583333333333334,115.0,0.04791666666666667,1.0,0,0.0,1.0,81.55
2976.0,9.583333333333334,115.0,0.04791666666666667,1.0,0,0.0,1.0,83.115
2977.0,9.666666666666666,116.0,0.04833333333333333,1.0,0,0.0,1.0,83.995
2978.0,9.583333333333334,115.0,0.04791666666666667,1.0,0,0.0,1.0,84.875
2979.0,9.583333333333334,115.0,0.04791666666666667,1.0,0,0.0,1.0,85.05
2980.0,9.583333333333334,115.0,0.04791666666666667,1.0,0,0.0,1.0,85.925
2981.0,9.583333333333334,115.0,0.04791666666666667,1.0,0,0.0,1.0,87.515
2982.0,9.916666666666666,119.0,0.04958333333333333,1.0,0,0.0,1.0,89.03
2983.0,10.0,120.0,0.05,1.0,0,0.0,1.0,90.135
2984.0,10.166666666666666,122.0,0.050833333333333335,1.0,0,0.0,1.0,91.07
2985.0,10.166666666666666,122.0,0.050833333333333335,1.0,0,0.0,1.0,92.015
2986.0,10.166666666666666,122.0,0.050833333333333335,1.0,0,0.0,1.0,92.965
2987.0,10.333333333333334,124.0,0.051666666666666666,1.0,0,0.0,1.0,93.92
2988.0,10.333333333333334,124.0,0.051666666666666666,1.0,0,0.0,1.0,94.88
2989.0,10.5,126.0,0.0525,1.0,0,0.0,1.0,95.615
2990.0,10.333333333333334,124.0,0.051666666666666666,1.0,0,0.0,1.0,95.905
2991.0,10.333333333333334,124.0,0.051666666666666666,1.0,0,0.0,1.0,96.09
2992.0,10.166666666666666,122.0,0.050833333333333335,1.0,0,0.0,1.0,96.98
2993.0,10.166666666666666,122.0,0.050833333333333335,1.0,0,0.0,1.0,97.865
2994.0,10.166666666666666,122.0,0.050833333333333335,1.0,0,0.0,1.0,98.745
2995.0,10.166666666666666,122.0,0.050833333333333335,1.0,0,0.0,1.0,99.675
2996.0,10.166666666666666,122.0,0.050833333333333335,1.0,0,0.0,1.0,100.605
2997.0,10.333333333333334,124.0,0.051666666666666666,1.0,0,0.0,1.0,101.54
2998.0,10.333333333333334,124.0,0.051666666666666666,1.0,0,0.0,1.0,102.48
2999.0,10.333333333333334,124.0,0.051666666666666666,1.0,0,0.0,1.0,104.23
3000.0,10.333333333333334,124.0,0.051666666666666666,1.0,0,0.0,1.0,105.895
3001.0,10.5,126.0,0.0525,1.0,0,0.0,1.0,106.85
3002.0,10.333333333333334,124.0,0.051666666666666666,1.0,0,0.0,1.0,107.08
3003.0,10.25,123.0,0.05125,1.0,0,0.0,1.0,105.7
3004.0,10.166666666666666,122.0,0.050833333333333335,1.0,0,0.0,1.0,103.95
3005.0,10.083333333333334,121.0,0.050416666666666665,1.0,0,0.0,1.0,101.01
3006.0,10.083333333333334,121.0,0.050416666666666665,1.0,0,0.0,1.0,99.56
3007.0,10.083333333333334,121.0,0.050416666666666665,1.0,0,0.0,1.0,99.285
3008.0,10.166666666666666,122.0,0.050833333333333335,1.0,0,0.0,1.0,100.19
3009.0,10.166666666666666,122.0,0.050833333333333335,1.0,0,0.0,1.0,101.1
3010.0,10.25,123.0,0.05125,1.0,0,0.0,1.0,102.02
3011.0,10.25,123.0,0.05125,1.0,0,0.0,1.0,102.945
3012.0,10.333333333333334,124.0,0.051666666666666666,1.0,0,0.0,1.0,103.88
3013.0,10.166666666666666,122.0,0.050833333333333335,1.0,0,0.0,1.0,104.17
3014.0,10.0,120.0,0.05,1.0,0,0.0,1.0,104.015
3015.0,10.0,120.0,0.05,1.0,0,0.0,1.0,103.835
3016.0,9.75,117.0,0.04875,1.0,0,0.0,1.0,104.62
3017.0,9.75,117.0,0.04875,1.0,0,0.0,1.0,105.4
3018.0,9.75,117.0,0.04875,1.0,0,0.0,1.0,106.15
3019.0,9.75,117.0,0.04875,1.0,0,0.0,1.0,107.01
3020.0,9.916666666666666,119.0,0.04958333333333333,1.0,0,0.0,1.0,107.87
3021.0,9.916666666666666,119.0,0.04958333333333333,1.0,0,0.0,1.0,108.75
3022.0,9.916666666666666,119.0,0.04958333333333333,1.0,0,0.0,1.0,109.63
3023.0,9.916666666666666,119.0,0.04958333333333333,1.0,0,0.0,1.0,110.51
3024.0,9.916666666666666,119.0,0.04958333333333333,1.0,0,0.0,1.0,111.39
3025.0,10.0,120.0,0.05,1.0,0,0.0,1.0,111.445
3026.0,9.916666666666666,119.0,0.04958333333333333,1.0,0,0.0,1.0,111.46
3027.0,9.916666666666666,119.0,0.04958333333333333,1.0,0,0.0,1.0,111.5
3028.0,9.916666666666666,119.0,0.04958333333333333,1.0,0,0.0,1.0,112.365
3029.0,9.916666666666666,119.0,0.04958333333333333,1.0,0,0.0,1.0,113.23
3030.0,10.083333333333334,121.0,0.050416666666666665,1.0,0,0.0,1.0,114.1
3031.0,10.083333333333334,121.0,0.050416666666666665,1.0,0,0.0,1.0,114.975
3032.0,10.083333333333334,121.0,0.050416666666666665,1.0,0,0.0,1.0,115.855
3033.0,10.083333333333334,121.0,0.050416666666666665,1.0,0,0.0,1.0,116.735
3034.0,10.083333333333334,121.0,0.050416666666666665,1.0,0,0.0,1.0,117.615
3035.0,10.25,123.0,0.05125,1.0,0,0.0,1.0,118.5
3036.0,10.25,123.0,0.05125,1.0,0,0.0,1.0,119.39
3037.0,10.25,123.0,0.05125,1.0,0,0.0,1.0,119.41
3038.0,10.25,123.0,0.05125,1.0,0,0.0,1.0,120.3
3039.0,10.25,123.0,0.05125,1.0,0,0.0,1.0,121.19
3040.0,10.25,123.0,0.05125,1.0,0,0.0,1.0,122.97
3041.0,10.333333333333334,124.0,0.051666666666666666,1.0,0,0.0,1.0,123.87
3042.0,10.333333333333334,124.0,0.051666666666666666,1.0,0,0.0,1.0,124.775
3043.0,10.333333333333334,124.0,0.051666666666666666,1.0,0,0.0,1.0,125.685
3044.0,10.333333333333334,124.0,0.051666666666666666,1.0,0,0.0,1.0,126.595
3045.0,10.333333333333334,124.0,0.051666666666666666,1.0,0,0.0,1.0,127.505
3046.0,10.333333333333334,124.0,0.051666666666666666,1.0,0,0.0,1.0,128.415
3047.0,10.166666666666666,122.0,0.050833333333333335,1.0,0,0.0,1.0,127.82
3048.0,10.0,120.0,0.05,1.0,0,0.0,1.0,125.72
3049.0,9.833333333333334,118.0,0.049166666666666664,1.0,0,0.0,1.0,121.385
3050.0,9.833333333333334,118.0,0.049166666666666664,1.0,0,0.0,1.0,119.47
3051.0,9.666666666666666,116.0,0.04833333333333333,1.0,0,0.0,1.0,118.96
3052.0,10.0,120.0,0.05,1.0,0,0.0,1.0,120.69
3053.0,10.0,120.0,0.05,1.0,0,0.0,1.0,121.48
3054.0,10.166666666666666,122.0,0.050833333333333335,1.0,0,0.0,1.0,122.365
3055.0,10.166666666666666,122.0,0.050833333333333335,1.0,0,0.0,1.0,123.255
3056.0,10.166666666666666,122.0,0.050833333333333335,1.0,0,0.0,1.0,124.15
3057.0,10.166666666666666,122.0,0.050833333333333335,1.0,0,0.0,1.0,125.045
3058.0,10.166666666666666,122.0,0.050833333333333335,1.0,0,0.0,1.0,125.94
3059.0,10.166666666666666,122.0,0.050833333333333335,1.0,0,0.0,1.0,126.835
3060.0,10.166666666666666,122.0,0.050833333333333335,1.0,0,0.0,1.0,127.73
3061.0,10.0,120.0,0.05,1.0,0,0.0,1.0,127.58
3062.0,10.0,120.0,0.05,1.0,0,0.0,1.0,127.42
3063.0,10.0,120.0,0.05,1.0,0,0.0,1.0,127.66
3064.0,10.0,120.0,0.05,1.0,0,0.0,1.0,128.525
3065.0,10.0,120.0,0.05,1.0,0,0.0,1.0,129.39
3066.0,10.0,120.0,0.05,1.0,0,0.0,1.0,130.255
3067.0,10.166666666666666,122.0,0.050833333333333335,1.0,0,0.0,1.0,131.125
3068.0,10.166666666666666,122.0,0.050833333333333335,1.0,0,0.0,1.0,132.0
3069.0,10.166666666666666,122.0,0.050833333333333335,1.0,0,0.0,1.0,132.88
3070.0,10.166666666666666,122.0,0.050833333333333335,1.0,0,0.0,1.0,133.76
3071.0,10.166666666666666,122.0,0.050833333333333335,1.0,0,0.0,1.0,134.64
3072.0,10.166666666666666,122.0,0.050833333333333335,1.0,0,0.0,1.0,135.52
3073.0,10.333333333333334,124.0,0.051666666666666666,1.0,0,0.0,1.0,135.325
3074.0,10.166666666666666,122.0,0.050833333333333335,1.0,0,0.0,1.0,135.155
3075.0,10.166666666666666,122.0,0.050833333333333335,1.0,0,0.0,1.0,134.97
3076.0,10.166666666666666,122.0,0.050833333333333335,1.0,0,0.0,1.0,135.835
3077.0,10.166666666666666,122.0,0.050833333333333335,1.0,0,0.0,1.0,136.7
3078.0,10.166666666666666,122.0,0.050833333333333335,1.0,0,0.0,1.0,139.7
3079.0,10.166666666666666,122.0,0.050833333333333335,1.0,0,0.0,1.0,142.345
3080.0,10.166666666666666,122.0,0.050833333333333335,1.0,0,0.0,1.0,145.405
3081.0,10.166666666666666,122.0,0.050833333333333335,1.0,0,0.0,1.0,147.4
3082.0,10.166666666666666,122.0,0.050833333333333335,1.0,0,0.0,1.0,149.44
3083.0,10.166666666666666,122.0,0.050833333333333335,1.0,0,0.0,1.0,151.46
3084.0,10.166666666666666,122.0,0.050833333333333335,1.0,0,0.0,1.0,152.37
3085.0,10.333333333333334,124.0,0.051666666666666666,1.0,0,0.0,1.0,152.155
3086.0,10.166666666666666,122.0,0.050833333333333335,1.0,0,0.0,1.0,151.9
3087.0,10.166666666666666,122.0,0.050833333333333335,1.0,0,0.0,1.0,151.67
3088.0,10.166666666666666,122.0,0.050833333333333335,1.0,0,0.0,1.0,152.565
3089.0,10.166666666666666,122.0,0.050833333333333335,1.0,0,0.0,1.0,154.6
3090.0,10.166666666666666,122.0,0.050833333333333335,1.0,0,0.0,1.0,156.68
3091.0,10.166666666666666,122.0,0.050833333333333335,1.0,0,0.0,1.0,158.74
3092.0,10.166666666666666,122.0,0.050833333333333335,1.0,0,0.0,1.0,159.65
3093.0,10.166666666666666,122.0,0.050833333333333335,1.0,0,0.0,1.0,160.56
3094.0,10.166666666666666,122.0,0.050833333333333335,1.0,0,0.0,1.0,161.47
3095.0,10.166666666666666,122.0,0.050833333333333335,1.0,0,0.0,1.0,162.38
3096.0,10.25,123.0,0.05125,1.0,0,0.0,1.0,163.295
3097.0,10.333333333333334,124.0,0.051666666666666666,1.0,0,0.0,1.0,163.03
3098.0,10.25,123.0,0.05125,1.0,0,0.0,1.0,162.73
3099.0,10.25,123.0,0.05125,1.0,0,0.0,1.0,162.455
3100.0,10.25,123.0,0.05125,1.0,0,0.0,1.0,163.365
3101.0,10.25,123.0,0.05125,1.0,0,0.0,1.0,164.275
3102.0,10.25,123.0,0.05125,1.0,0,0.0,1.0,165.185
3103.0,10.25,123.0,0.05125,1.0,0,0.0,1.0,167.305
3104.0,10.416666666666666,125.0,0.052083333333333336,1.0,0,0.0,1.0,169.475
3105.0,10.416666666666666,125.0,0.052083333333333336,1.0,0,0.0,1.0,171.63
3106.0,10.416666666666666,125.0,0.052083333333333336,1.0,0,0.0,1.0,172.57
3107.0,10.416666666666666,125.0,0.052083333333333336,1.0,0,0.0,1.0,173.51
3108.0,10.416666666666666,125.0,0.052083333333333336,1.0,0,0.0,1.0,174.45
3109.0,10.75,129.0,0.05375,1.0,0,0.0,1.0,174.15
3110.0,10.583333333333334,127.0,0.05291666666666667,1.0,0,0.0,1.0,173.815
3111.0,10.583333333333334,127.0,0.05291666666666667,1.0,0,0.0,1.0,173.51
3112.0,10.583333333333334,127.0,0.05291666666666667,1.0,0,0.0,1.0,174.45
3113.0,10.583333333333334,127.0,0.05291666666666667,1.0,0,0.0,1.0,175.39
3114.0,10.583333333333334,127.0,0.05291666666666667,1.0,0,0.0,1.0,176.33
3115.0,10.583333333333334,127.0,0.05291666666666667,1.0,0,0.0,1.0,177.27
3116.0,10.583333333333334,127.0,0.05291666666666667,1.0,0,0.0,1.0,178.21
3117.0,10.583333333333334,127.0,0.05291666666666667,1.0,0,0.0,1.0,179.15
3118.0,10.583333333333334,127.0,0.05291666666666667,1.0,0,0.0,1.0,180.09
3119.0,10.583333333333334,127.0,0.05291666666666667,1.0,0,0.0,1.0,181.03
3120.0,10.583333333333334,127.0,0.05291666666666667,1.0,0,0.0,1.0,181.97
3121.0,10.916666666666666,131.0,0.05458333333333333,1.0,0,0.0,1.0,181.62
3122.0,10.75,129.0,0.05375,1.0,0,0.0,1.0,181.27
3123.0,10.75,129.0,0.05375,1.0,0,0.0,1.0,181.33
3124.0,10.75,129.0,0.05375,1.0,0,0.0,1.0,182.27
3125.0,10.75,129.0,0.05375,1.0,0,0.0,1.0,183.21
3126.0,10.75,129.0,0.05375,1.0,0,0.0,1.0,184.15
3127.0,10.583333333333334,127.0,0.05291666666666667,1.0,0,0.0,1.0,184.995
3128.0,10.583333333333334,127.0,0.05291666666666667,1.0,0,0.0,1.0,185.835
3129.0,10.583333333333334,127.0,0.05291666666666667,1.0,0,0.0,1.0,186.67
3130.0,10.583333333333334,127.0,0.05291666666666667,1.0,0,0.0,1.0,188.515
3131.0,10.583333333333334,127.0,0.05291666666666667,1.0,0,0.0,1.0,190.785
3132.0,10.583333333333334,127.0,0.05291666666666667,1.0,0,0.0,1.0,193.07
3133.0,10.75,129.0,0.05375,1.0,0,0.0,1.0,192.655
3134.0,10.75,129.0,0.05375,1.0,0,0.0,1.0,192.24
3135.0,10.75,129.0,0.05375,1.0,0,0.0,1.0,192.235
3136.0,10.75,129.0,0.05375,1.0,0,0.0,1.0,193.175
3137.0,10.583333333333334,127.0,0.05291666666666667,1.0,0,0.0,1.0,192.61
3138.0,10.416666666666666,125.0,0.052083333333333336,1.0,0,0.0,1.0,190.62
3139.0,10.25,123.0,0.05125,1.0,0,0.0,1.0,189.215
3140.0,10.25,123.0,0.05125,1.0,0,0.0,1.0,187.8
3141.0,10.083333333333334,121.0,0.050416666666666665,1.0,0,0.0,1.0,187.605
3142.0,10.25,123.0,0.05125,1.0,0,0.0,1.0,188.315
3143.0,10.416666666666666,125.0,0.052083333333333336,1.0,0,0.0,1.0,189.03
3144.0,10.25,123.0,0.05125,1.0,0,0.0,1.0,189.425
3145.0,10.083333333333334,121.0,0.050416666666666665,1.0,0,0.0,1.0,186.435
3146.0,9.916666666666666,119.0,0.04958333333333333,1.0,0,0.0,1.0,181.93
3147.0,9.75,117.0,0.04875,1.0,0,0.0,1.0,177.305
3148.0,9.25,111.0,0.04625,1.0,0,0.0,1.0,174.965
3149.0,9.083333333333334,109.0,0.04541666666666667,1.0,0,0.0,1.0,172.615
3150.0,9.25,111.0,0.04625,1.0,0,0.0,1.0,170.265
3151.0,9.083333333333334,109.0,0.04541666666666667,1.0,0,0.0,1.0,166.625
3152.0,8.75,105.0,0.04375,1.0,0,0.0,1.0,162.965
3153.0,8.583333333333334,103.0,0.042916666666666665,1.0,0,0.0,1.0,160.775
3154.0,8.333333333333334,100.0,0.041666666666666664,1.0,0,0.0,1.0,158.51
3155.0,8.0,96.0,0.04,1.0,0,0.0,1.0,154.785
3156.0,8.0,96.0,0.04,1.0,0,0.0,1.0,149.56
3157.0,7.833333333333333,94.0,0.03916666666666667,1.0,0,0.0,1.0,146.37
3158.0,8.166666666666666,98.0,0.04083333333333333,1.0,0,0.0,1.0,143.2
3159.0,8.5,102.0,0.0425,1.0,0,0.0,1.0,141.51
3160.0,8.75,105.0,0.04375,1.0,0,0.0,1.0,140.765
3161.0,9.0,108.0,0.045,1.0,0,0.0,1.0,138.53
3162.0,9.083333333333334,109.0,0.04541666666666667,1.0,0,0.0,1.0,136.32
3163.0,9.0,108.0,0.045,1.0,0,0.0,1.0,135.615
3164.0,9.083333333333334,109.0,0.04541666666666667,1.0,0,0.0,1.0,133.67
3165.0,9.083333333333334,109.0,0.04541666666666667,1.0,0,0.0,1.0,131.72
3166.0,9.416666666666666,113.0,0.04708333333333333,1.0,0,0.0,1.0,131.26
3167.0,9.666666666666666,116.0,0.04833333333333333,1.0,0,0.0,1.0,132.06
3168.0,9.833333333333334,118.0,0.049166666666666664,1.0,0,0.0,1.0,132.88
3169.0,10.0,120.0,0.05,1.0,0,0.0,1.0,133.71
3170.0,10.083333333333334,121.0,0.050416666666666665,1.0,0,0.0,1.0,133.025
3171.0,10.25,123.0,0.05125,1.0,0,0.0,1.0,132.35
3172.0,10.583333333333334,127.0,0.05291666666666667,1.0,0,0.0,1.0,133.225
3173.0,10.583333333333334,127.0,0.05291666666666667,1.0,0,0.0,1.0,134.12
3174.0,10.583333333333334,127.0,0.05291666666666667,1.0,0,0.0,1.0,135.03
3175.0,10.583333333333334,127.0,0.05291666666666667,1.0,0,0.0,1.0,135.94
3176.0,10.583333333333334,127.0,0.05291666666666667,1.0,0,0.0,1.0,136.85
3177.0,10.583333333333334,127.0,0.05291666666666667,1.0,0,0.0,1.0,137.76
3178.0,10.583333333333334,127.0,0.05291666666666667,1.0,0,0.0,1.0,138.67
3179.0,10.583333333333334,127.0,0.05291666666666667,1.0,0,0.0,1.0,139.58
3180.0,10.583333333333334,127.0,0.05291666666666667,1.0,0,0.0,1.0,140.49
3181.0,10.666666666666666,128.0,0.05333333333333334,1.0,0,0.0,1.0,140.265
3182.0,10.666666666666666,128.0,0.05333333333333334,1.0,0,0.0,1.0,141.125
3183.0,10.666666666666666,128.0,0.05333333333333334,1.0,0,0.0,1.0,141.97
3184.0,10.833333333333334,130.0,0.05416666666666667,1.0,0,0.0,1.0,142.885
3185.0,10.833333333333334,130.0,0.05416666666666667,1.0,0,0.0,1.0,143.805
3186.0,10.333333333333334,124.0,0.051666666666666666,1.0,0,0.0,1.0,144.435
3187.0,10.333333333333334,124.0,0.051666666666666666,1.0,0,0.0,1.0,145.05
3188.0,10.333333333333334,124.0,0.051666666666666666,1.0,0,0.0,1.0,145.65
3189.0,10.333333333333334,124.0,0.051666666666666666,1.0,0,0.0,1.0,146.53
3190.0,10.416666666666666,125.0,0.052083333333333336,1.0,0,0.0,1.0,147.41
3191.0,10.416666666666666,125.0,0.052083333333333336,1.0,0,0.0,1.0,148.24
3192.0,10.416666666666666,125.0,0.052083333333333336,1.0,0,0.0,1.0,149.07
3193.0,10.416666666666666,125.0,0.052083333333333336,1.0,0,0.0,1.0,148.25
3194.0,10.25,123.0,0.05125,1.0,0,0.0,1.0,148.395
3195.0,10.416666666666666,125.0,0.052083333333333336,1.0,0,0.0,1.0,149.12
3196.0,10.0,120.0,0.05,1.0,0,0.0,1.0,149.66
3197.0,10.0,120.0,0.05,1.0,0,0.0,1.0,150.19
3198.0,10.0,120.0,0.05,1.0,0,0.0,1.0,150.855
3199.0,10.0,120.0,0.05,1.0,0,0.0,1.0,152.41
3200.0,10.0,120.0,0.05,1.0,0,0.0,1.0,153.24
3201.0,10.0,120.0,0.05,1.0,0,0.0,1.0,154.07
3202.0,10.166666666666666,122.0,0.050833333333333335,1.0,0,0.0,1.0,154.905
3203.0,10.166666666666666,122.0,0.050833333333333335,1.0,0,0.0,1.0,155.745
3204.0,10.166666666666666,122.0,0.050833333333333335,1.0,0,0.0,1.0,156.59
3205.0,10.166666666666666,122.0,0.050833333333333335,1.0,0,0.0,1.0,155.17
3206.0,10.083333333333334,121.0,0.050416666666666665,1.0,0,0.0,1.0,152.82
3207.0,10.166666666666666,122.0,0.050833333333333335,1.0,0,0.0,1.0,150.055
3208.0,10.25,123.0,0.05125,1.0,0,0.0,1.0,149.24
3209.0,10.25,123.0,0.05125,1.0,0,0.0,1.0,149.14
3210.0,10.25,123.0,0.05125,1.0,0,0.0,1.0,150.745
3211.0,10.25,123.0,0.05125,1.0,0,0.0,1.0,151.58
3212.0,10.333333333333334,124.0,0.051666666666666666,1.0,0,0.0,1.0,152.42
3213.0,10.333333333333334,124.0,0.051666666666666666,1.0,0,0.0,1.0,153.265
3214.0,10.333333333333334,124.0,0.051666666666666666,1.0,0,0.0,1.0,154.115
3215.0,10.333333333333334,124.0,0.051666666666666666,1.0,0,0.0,1.0,156.71
3216.0,10.25,123.0,0.05125,1.0,0,0.0,1.0,157.76
3217.0,10.333333333333334,124.0,0.051666666666666666,1.0,0,0.0,1.0,158.81
3218.0,10.416666666666666,125.0,0.052083333333333336,1.0,0,0.0,1.0,159.635
3219.0,10.75,129.0,0.05375,1.0,0,0.0,1.0,160.52
3220.0,10.833333333333334,130.0,0.05416666666666667,1.0,0,0.0,1.0,161.425
3221.0,10.833333333333334,130.0,0.05416666666666667,1.0,0,0.0,1.0,162.345
3222.0,11.0,132.0,0.055,1.0,0,0.0,1.0,163.275
3223.0,11.0,132.0,0.055,1.0,0,0.0,1.0,164.21
3224.0,11.0,132.0,0.055,1.0,0,0.0,1.0,165.145
3225.0,11.0,132.0,0.055,1.0,0,0.0,1.0,166.08
3226.0,11.0,132.0,0.055,1.0,0,0.0,1.0,167.015
3227.0,11.166666666666666,134.0,0.05583333333333333,1.0,0,0.0,1.0,167.955
3228.0,11.25,135.0,0.05625,1.0,0,0.0,1.0,168.905
3229.0,11.25,135.0,0.05625,1.0,0,0.0,1.0,169.555
3230.0,11.166666666666666,134.0,0.05583333333333333,1.0,0,0.0,1.0,170.18
3231.0,11.25,135.0,0.05625,1.0,0,0.0,1.0,169.3
3232.0,11.25,135.0,0.05625,1.0,0,0.0,1.0,170.24
3233.0,11.25,135.0,0.05625,1.0,0,0.0,1.0,171.185
3234.0,11.25,135.0,0.05625,1.0,0,0.0,1.0,172.13
3235.0,11.25,135.0,0.05625,1.0,0,0.0,1.0,173.075
3236.0,11.083333333333334,133.0,0.05541666666666667,1.0,0,0.0,1.0,172.515
3237.0,10.75,129.0,0.05375,1.0,0,0.0,1.0,168.94
3238.0,10.666666666666666,128.0,0.05333333333333334,1.0,0,0.0,1.0,164.27
3239.0,10.5,126.0,0.0525,1.0,0,0.0,1.0,159.6
3240.0,10.5,126.0,0.0525,1.0,0,0.0,1.0,159.395
3241.0,9.25,111.0,0.04625,1.0,0,0.0,1.0,154.89
3242.0,8.833333333333334,106.0,0.04416666666666667,1.0,0,0.0,1.0,146.86
3243.0,8.5,102.0,0.0425,1.0,0,0.0,1.0,138.32
3244.0,8.333333333333334,100.0,0.041666666666666664,1.0,0,0.0,1.0,132.33
3245.0,8.166666666666666,98.0,0.04083333333333333,1.0,0,0.0,1.0,126.635
3246.0,8.5,102.0,0.0425,1.0,0,0.0,1.0,125.175
3247.0,8.666666666666666,104.0,0.043333333333333335,1.0,0,0.0,1.0,124.605
3248.0,8.833333333333334,106.0,0.04416666666666667,1.0,0,0.0,1.0,125.335
3249.0,9.0,108.0,0.045,1.0,0,0.0,1.0,126.085
3250.0,9.166666666666666,110.0,0.04583333333333333,1.0,0,0.0,1.0,126.845
3251.0,9.333333333333334,112.0,0.04666666666666667,1.0,0,0.0,1.0,127.62
3252.0,9.5,114.0,0.0475,1.0,0,0.0,1.0,126.905
3253.0,9.583333333333334,115.0,0.04791666666666667,1.0,0,0.0,1.0,124.285
3254.0,9.333333333333334,112.0,0.04666666666666667,1.0,0,0.0,1.0,120.885
3255.0,9.166666666666666,110.0,0.04583333333333333,1.0,0,0.0,1.0,117.205
3256.0,9.166666666666666,110.0,0.04583333333333333,1.0,0,0.0,1.0,115.01
3257.0,9.0,108.0,0.045,1.0,0,0.0,1.0,112.35
3258.0,9.166666666666666,110.0,0.04583333333333333,1.0,0,0.0,1.0,111.17
3259.0,9.166666666666666,110.0,0.04583333333333333,1.0,0,0.0,1.0,111.475
3260.0,9.333333333333334,112.0,0.04666666666666667,1.0,0,0.0,1.0,113.49
3261.0,9.333333333333334,112.0,0.04666666666666667,1.0,0,0.0,1.0,115.775
3262.0,9.333333333333334,112.0,0.04666666666666667,1.0,0,0.0,1.0,118.84
3263.0,9.333333333333334,112.0,0.04666666666666667,1.0,0,0.0,1.0,119.475
3264.0,9.5,114.0,0.0475,1.0,0,0.0,1.0,120.29
3265.0,9.583333333333334,115.0,0.04791666666666667,1.0,0,0.0,1.0,120.63
3266.0,9.5,114.0,0.0475,1.0,0,0.0,1.0,119.455
3267.0,9.5,114.0,0.0475,1.0,0,0.0,1.0,119.2
3268.0,9.5,114.0,0.0475,1.0,0,0.0,1.0,121.085
3269.0,9.5,114.0,0.0475,1.0,0,0.0,1.0,123.91
3270.0,9.5,114.0,0.0475,1.0,0,0.0,1.0,124.73
3271.0,9.416666666666666,113.0,0.04708333333333333,1.0,0,0.0,1.0,124.045
3272.0,9.5,114.0,0.0475,1.0,0,0.0,1.0,121.865
3273.0,9.416666666666666,113.0,0.04708333333333333,1.0,0,0.0,1.0,118.515
3274.0,9.416666666666666,113.0,0.04708333333333333,1.0,0,0.0,1.0,116.66
3275.0,9.416666666666666,113.0,0.04708333333333333,1.0,0,0.0,1.0,116.29
3276.0,9.5,114.0,0.0475,1.0,0,0.0,1.0,117.62
3277.0,9.583333333333334,115.0,0.04791666666666667,1.0,0,0.0,1.0,118.43
3278.0,9.75,117.0,0.04875,1.0,0,0.0,1.0,118.71
3279.0,9.75,117.0,0.04875,1.0,0,0.0,1.0,117.48
3280.0,9.75,117.0,0.04875,1.0,0,0.0,1.0,120.375
3281.0,9.75,117.0,0.04875,1.0,0,0.0,1.0,121.77
3282.0,9.833333333333334,118.0,0.049166666666666664,1.0,0,0.0,1.0,123.17
3283.0,9.916666666666666,119.0,0.04958333333333333,1.0,0,0.0,1.0,124.03
3284.0,9.916666666666666,119.0,0.04958333333333333,1.0,0,0.0,1.0,126.995
3285.0,9.916666666666666,119.0,0.04958333333333333,1.0,0,0.0,1.0,129.98
3286.0,9.833333333333334,118.0,0.049166666666666664,1.0,0,0.0,1.0,131.435
3287.0,9.833333333333334,118.0,0.049166666666666664,1.0,0,0.0,1.0,132.9
3288.0,9.833333333333334,118.0,0.049166666666666664,1.0,0,0.0,1.0,133.96
3289.0,9.916666666666666,119.0,0.04958333333333333,1.0,0,0.0,1.0,134.845
3290.0,9.833333333333334,118.0,0.049166666666666664,1.0,0,0.0,1.0,135.73
3291.0,9.833333333333334,118.0,0.049166666666666664,1.0,0,0.0,1.0,136.615
3292.0,9.833333333333334,118.0,0.049166666666666664,1.0,0,0.0,1.0,139.645
3293.0,9.833333333333334,118.0,0.049166666666666664,1.0,0,0.0,1.0,140.805
3294.0,9.833333333333334,118.0,0.049166666666666664,1.0,0,0.0,1.0,141.7
3295.0,9.833333333333334,118.0,0.049166666666666664,1.0,0,0.0,1.0,142.595
3296.0,9.833333333333334,118.0,0.049166666666666664,1.0,0,0.0,1.0,143.49
3297.0,9.833333333333334,118.0,0.049166666666666664,1.0,0,0.0,1.0,144.385
3298.0,9.833333333333334,118.0,0.049166666666666664,1.0,0,0.0,1.0,145.28
3299.0,9.833333333333334,118.0,0.049166666666666664,1.0,0,0.0,1.0,146.175
3300.0,9.833333333333334,118.0,0.049166666666666664,1.0,0,0.0,1.0,149.27
3301.0,9.916666666666666,119.0,0.04958333333333333,1.0,0,0.0,1.0,150.17
3302.0,9.833333333333334,118.0,0.049166666666666664,1.0,0,0.0,1.0,151.755
3303.0,9.833333333333334,118.0,0.049166666666666664,1.0,0,0.0,1.0,152.66
3304.0,9.833333333333334,118.0,0.049166666666666664,1.0,0,0.0,1.0,155.79
3305.0,9.833333333333334,118.0,0.049166666666666664,1.0,0,0.0,1.0,156.985
3306.0,9.833333333333334,118.0,0.049166666666666664,1.0,0,0.0,1.0,160.145
3307.0,9.833333333333334,118.0,0.049166666666666664,1.0,0,0.0,1.0,161.365
3308.0,9.833333333333334,118.0,0.049166666666666664,1.0,0,0.0,1.0,161.575
3309.0,9.75,117.0,0.04875,1.0,0,0.0,1.0,161.77
3310.0,9.666666666666666,116.0,0.04833333333333333,1.0,0,0.0,1.0,158.97
3311.0,9.666666666666666,116.0,0.04833333333333333,1.0,0,0.0,1.0,157.32
3312.0,9.666666666666666,116.0,0.04833333333333333,1.0,0,0.0,1.0,157.16
3313.0,9.916666666666666,119.0,0.04958333333333333,1.0,0,0.0,1.0,157.715
3314.0,9.833333333333334,118.0,0.049166666666666664,1.0,0,0.0,1.0,156.345
3315.0,9.833333333333334,118.0,0.049166666666666664,1.0,0,0.0,1.0,156.45
3316.0,9.833333333333334,118.0,0.049166666666666664,1.0,0,0.0,1.0,157.375
3317.0,9.833333333333334,118.0,0.049166666666666664,1.0,0,0.0,1.0,158.3
3318.0,9.833333333333334,118.0,0.049166666666666664,1.0,0,0.0,1.0,159.225
3319.0,9.833333333333334,118.0,0.049166666666666664,1.0,0,0.0,1.0,160.15
3320.0,10.0,120.0,0.05,1.0,0,0.0,1.0,161.08
3321.0,9.833333333333334,118.0,0.049166666666666664,1.0,0,0.0,1.0,162.645
3322.0,9.833333333333334,118.0,0.049166666666666664,1.0,0,0.0,1.0,165.695
3323.0,9.833333333333334,118.0,0.049166666666666664,1.0,0,0.0,1.0,166.825
3324.0,9.833333333333334,118.0,0.049166666666666664,1.0,0,0.0,1.0,167.765
3325.0,10.0,120.0,0.05,1.0,0,0.0,1.0,168.285
3326.0,9.833333333333334,118.0,0.049166666666666664,1.0,0,0.0,1.0,166.87
3327.0,9.833333333333334,118.0,0.049166666666666664,1.0,0,0.0,1.0,166.92
3328.0,9.833333333333334,118.0,0.049166666666666664,1.0,0,0.0,1.0,167.845
3329.0,9.833333333333334,118.0,0.049166666666666664,1.0,0,0.0,1.0,168.77
3330.0,9.833333333333334,118.0,0.049166666666666664,1.0,0,0.0,1.0,169.695
3331.0,9.666666666666666,116.0,0.04833333333333333,1.0,0,0.0,1.0,170.56
3332.0,9.833333333333334,118.0,0.049166666666666664,1.0,0,0.0,1.0,171.425
3333.0,9.833333333333334,118.0,0.049166666666666664,1.0,0,0.0,1.0,172.29
3334.0,9.833333333333334,118.0,0.049166666666666664,1.0,0,0.0,1.0,173.215
3335.0,9.833333333333334,118.0,0.049166666666666664,1.0,0,0.0,1.0,174.14
3336.0,9.833333333333334,118.0,0.049166666666666664,1.0,0,0.0,1.0,175.065
3337.0,9.916666666666666,119.0,0.04958333333333333,1.0,0,0.0,1.0,175.54
3338.0,9.833333333333334,118.0,0.049166666666666664,1.0,0,0.0,1.0,174.055
3339.0,9.833333333333334,118.0,0.049166666666666664,1.0,0,0.0,1.0,174.515
3340.0,9.833333333333334,118.0,0.049166666666666664,1.0,0,0.0,1.0,175.425
3341.0,9.833333333333334,118.0,0.049166666666666664,1.0,0,0.0,1.0,176.335
3342.0,9.833333333333334,118.0,0.049166666666666664,1.0,0,0.0,1.0,177.245
3343.0,9.833333333333334,118.0,0.049166666666666664,1.0,0,0.0,1.0,178.155
3344.0,10.166666666666666,122.0,0.050833333333333335,1.0,0,0.0,1.0,179.075
3345.0,10.166666666666666,122.0,0.050833333333333335,1.0,0,0.0,1.0,180.005
3346.0,10.166666666666666,122.0,0.050833333333333335,1.0,0,0.0,1.0,180.945
3347.0,10.166666666666666,122.0,0.050833333333333335,1.0,0,0.0,1.0,181.885
3348.0,10.166666666666666,122.0,0.050833333333333335,1.0,0,0.0,1.0,182.825
3349.0,10.166666666666666,122.0,0.050833333333333335,1.0,0,0.0,1.0,181.315
3350.0,10.166666666666666,122.0,0.050833333333333335,1.0,0,0.0,1.0,181.325
3351.0,10.166666666666666,122.0,0.050833333333333335,1.0,0,0.0,1.0,179.8
3352.0,10.0,120.0,0.05,1.0,0,0.0,1.0,179.22
3353.0,9.833333333333334,118.0,0.049166666666666664,1.0,0,0.0,1.0,177.135
3354.0,9.666666666666666,116.0,0.04833333333333333,1.0,0,0.0,1.0,174.075
3355.0,9.666666666666666,116.0,0.04833333333333333,1.0,0,0.0,1.0,172.505
3356.0,9.833333333333334,118.0,0.049166666666666664,1.0,0,0.0,1.0,172.43
3357.0,9.833333333333334,118.0,0.049166666666666664,1.0,0,0.0,1.0,173.32
3358.0,10.0,120.0,0.05,1.0,0,0.0,1.0,174.22
3359.0,10.0,120.0,0.05,1.0,0,0.0,1.0,175.125
3360.0,10.0,120.0,0.05,1.0,0,0.0,1.0,176.035
3361.0,10.166666666666666,122.0,0.050833333333333335,1.0,0,0.0,1.0,176.335
3362.0,10.0,120.0,0.05,1.0,0,0.0,1.0,174.745
3363.0,10.0,120.0,0.05,1.0,0,0.0,1.0,175.075
3364.0,10.0,120.0,0.05,1.0,0,0.0,1.0,175.97
3365.0,10.0,120.0,0.05,1.0,0,0.0,1.0,176.865
3366.0,9.833333333333334,118.0,0.049166666666666664,1.0,0,0.0,1.0,178.17
3367.0,9.833333333333334,118.0,0.049166666666666664,1.0,0,0.0,1.0,181.41
3368.0,9.833333333333334,118.0,0.049166666666666664,1.0,0,0.0,1.0,182.775
3369.0,9.833333333333334,118.0,0.049166666666666664,1.0,0,0.0,1.0,183.67
3370.0,9.833333333333334,118.0,0.049166666666666664,1.0,0,0.0,1.0,184.565
3371.0,9.833333333333334,118.0,0.049166666666666664,1.0,0,0.0,1.0,185.46
3372.0,10.0,120.0,0.05,1.0,0,0.0,1.0,186.36
3373.0,9.833333333333334,118.0,0.049166666666666664,1.0,0,0.0,1.0,186.295
3374.0,9.833333333333334,118.0,0.049166666666666664,1.0,0,0.0,1.0,184.345
3375.0,10.0,120.0,0.05,1.0,0,0.0,1.0,184.32
3376.0,10.0,120.0,0.05,1.0,0,0.0,1.0,185.21
3377.0,10.0,120.0,0.05,1.0,0,0.0,1.0,186.1
3378.0,10.0,120.0,0.05,1.0,0,0.0,1.0,186.985
3379.0,10.0,120.0,0.05,1.0,0,0.0,1.0,187.88
3380.0,10.0,120.0,0.05,1.0,0,0.0,1.0,188.775
3381.0,10.0,120.0,0.05,1.0,0,0.0,1.0,189.67
3382.0,10.0,120.0,0.05,1.0,0,0.0,1.0,190.565
3383.0,10.0,120.0,0.05,1.0,0,0.0,1.0,191.46
3384.0,10.0,120.0,0.05,1.0,0,0.0,1.0,192.355
3385.0,10.166666666666666,122.0,0.050833333333333335,1.0,0,0.0,1.0,192.16
3386.0,10.0,120.0,0.05,1.0,0,0.0,1.0,191.96
3387.0,10.0,120.0,0.05,1.0,0,0.0,1.0,190.23
3388.0,10.0,120.0,0.05,1.0,0,0.0,1.0,191.11
3389.0,10.0,120.0,0.05,1.0,0,0.0,1.0,191.99
3390.0,10.0,120.0,0.05,1.0,0,0.0,1.0,192.87
3391.0,10.0,120.0,0.05,1.0,0,0.0,1.0,193.75
3392.0,10.166666666666666,122.0,0.050833333333333335,1.0,0,0.0,1.0,194.635
3393.0,10.166666666666666,122.0,0.050833333333333335,1.0,0,0.0,1.0,195.525
3394.0,10.25,123.0,0.05125,1.0,0,0.0,1.0,196.425
3395.0,10.25,123.0,0.05125,1.0,0,0.0,1.0,199.985
3396.0,10.25,123.0,0.05125,1.0,0,0.0,1.0,202.04
3397.0,10.166666666666666,122.0,0.050833333333333335,1.0,0,0.0,1.0,202.845
3398.0,10.083333333333334,121.0,0.050416666666666665,1.0,0,0.0,1.0,202.495
3399.0,10.083333333333334,121.0,0.050416666666666665,1.0,0,0.0,1.0,200.61
3400.0,10.083333333333334,121.0,0.050416666666666665,1.0,0,0.0,1.0,201.505
3401.0,10.25,123.0,0.05125,1.0,0,0.0,1.0,202.405
3402.0,10.25,123.0,0.05125,1.0,0,0.0,1.0,203.31
3403.0,10.25,123.0,0.05125,1.0,0,0.0,1.0,204.22
3404.0,10.25,123.0,0.05125,1.0,0,0.0,1.0,205.13
3405.0,10.25,123.0,0.05125,1.0,0,0.0,1.0,206.04
3406.0,10.25,123.0,0.05125,1.0,0,0.0,1.0,206.95
3407.0,10.25,123.0,0.05125,1.0,0,0.0,1.0,207.86
3408.0,10.25,123.0,0.05125,1.0,0,0.0,1.0,208.77
3409.0,10.333333333333334,124.0,0.051666666666666666,1.0,0,0.0,1.0,206.96
3410.0,10.25,123.0,0.05125,1.0,0,0.0,1.0,206.67
3411.0,10.25,123.0,0.05125,1.0,0,0.0,1.0,206.36
3412.0,10.25,123.0,0.05125,1.0,0,0.0,1.0,207.255
3413.0,10.25,123.0,0.05125,1.0,0,0.0,1.0,208.15
3414.0,10.25,123.0,0.05125,1.0,0,0.0,1.0,209.045
3415.0,10.25,123.0,0.05125,1.0,0,0.0,1.0,209.94
3416.0,10.25,123.0,0.05125,1.0,0,0.0,1.0,210.835
3417.0,10.25,123.0,0.05125,1.0,0,0.0,1.0,211.73
3418.0,10.25,123.0,0.05125,1.0,0,0.0,1.0,213.87
3419.0,10.25,123.0,0.05125,1.0,0,0.0,1.0,216.01
3420.0,10.25,123.0,0.05125,1.0,0,0.0,1.0,219.69
3421.0,10.5,126.0,0.0525,1.0,0,0.0,1.0,217.825
3422.0,10.416666666666666,125.0,0.052083333333333336,1.0,0,0.0,1.0,217.485
3423.0,10.416666666666666,125.0,0.052083333333333336,1.0,0,0.0,1.0,217.13
3424.0,10.416666666666666,125.0,0.052083333333333336,1.0,0,0.0,1.0,218.04
3425.0,10.416666666666666,125.0,0.052083333333333336,1.0,0,0.0,1.0,218.95
3426.0,10.416666666666666,125.0,0.052083333333333336,1.0,0,0.0,1.0,219.86
3427.0,10.583333333333334,127.0,0.05291666666666667,1.0,0,0.0,1.0,220.775
3428.0,10.583333333333334,127.0,0.05291666666666667,1.0,0,0.0,1.0,221.695
3429.0,10.583333333333334,127.0,0.05291666666666667,1.0,0,0.0,1.0,223.92
3430.0,10.583333333333334,127.0,0.05291666666666667,1.0,0,0.0,1.0,226.145
3431.0,10.583333333333334,127.0,0.05291666666666667,1.0,0,0.0,1.0,229.91
3432.0,10.583333333333334,127.0,0.05291666666666667,1.0,0,0.0,1.0,230.85
3433.0,10.666666666666666,128.0,0.05333333333333334,1.0,0,0.0,1.0,231.79
3434.0,10.75,129.0,0.05375,1.0,0,0.0,1.0,232.735
3435.0,10.75,129.0,0.05375,1.0,0,0.0,1.0,233.685
3436.0,10.75,129.0,0.05375,1.0,0,0.0,1.0,234.64
3437.0,10.75,129.0,0.05375,1.0,0,0.0,1.0,235.595
3438.0,10.75,129.0,0.05375,1.0,0,0.0,1.0,236.55
3439.0,10.75,129.0,0.05375,1.0,0,0.0,1.0,237.505
3440.0,10.75,129.0,0.05375,1.0,0,0.0,1.0,238.46
3441.0,10.75,129.0,0.05375,1.0,0,0.0,1.0,239.415
3442.0,10.833333333333334,130.0,0.05416666666666667,1.0,0,0.0,1.0,238.87
3443.0,10.75,129.0,0.05375,1.0,0,0.0,1.0,235.36
3444.0,10.666666666666666,128.0,0.05333333333333334,1.0,0,0.0,1.0,231.16
3445.0,10.75,129.0,0.05375,1.0,0,0.0,1.0,225.55
3446.0,10.666666666666666,128.0,0.05333333333333334,1.0,0,0.0,1.0,224.415
3447.0,10.75,129.0,0.05375,1.0,0,0.0,1.0,223.945
3448.0,10.75,129.0,0.05375,1.0,0,0.0,1.0,224.865
3449.0,10.833333333333334,130.0,0.05416666666666667,1.0,0,0.0,1.0,225.795
3450.0,10.5,126.0,0.0525,1.0,0,0.0,1.0,223.72
3451.0,10.166666666666666,122.0,0.050833333333333335,1.0,0,0.0,1.0,217.74
3452.0,10.0,120.0,0.05,1.0,0,0.0,1.0,211.76
3453.0,9.833333333333334,118.0,0.049166666666666664,1.0,0,0.0,1.0,205.775
3454.0,9.833333333333334,118.0,0.049166666666666664,1.0,0,0.0,1.0,200.685
3455.0,9.666666666666666,116.0,0.04833333333333333,1.0,0,0.0,1.0,195.595
3456.0,9.166666666666666,110.0,0.04583333333333333,1.0,0,0.0,1.0,190.045
3457.0,9.166666666666666,110.0,0.04583333333333333,1.0,0,0.0,1.0,181.56
3458.0,8.666666666666666,104.0,0.043333333333333335,1.0,0,0.0,1.0,171.56
3459.0,8.333333333333334,100.0,0.041666666666666664,1.0,0,0.0,1.0,158.985
3460.0,8.0,96.0,0.04,1.0,0,0.0,1.0,147.84
3461.0,8.0,96.0,0.04,1.0,0,0.0,1.0,136.725
3462.0,7.666666666666667,92.0,0.03833333333333333,1.0,0,0.0,1.0,125.915
3463.0,7.833333333333333,94.0,0.03916666666666667,1.0,0,0.0,1.0,118.065
3464.0,7.833333333333333,94.0,0.03916666666666667,1.0,0,0.0,1.0,113.18
3465.0,8.166666666666666,98.0,0.04083333333333333,1.0,0,0.0,1.0,110.965
3466.0,8.333333333333334,100.0,0.041666666666666664,1.0,0,0.0,1.0,108.645
3467.0,8.25,99.0,0.04125,1.0,0,0.0,1.0,105.84
3468.0,8.333333333333334,100.0,0.041666666666666664,1.0,0,0.0,1.0,101.535
3469.0,8.75,105.0,0.04375,1.0,0,0.0,1.0,98.83
3470.0,8.833333333333334,106.0,0.04416666666666667,1.0,0,0.0,1.0,95.405
3471.0,8.833333333333334,106.0,0.04416666666666667,1.0,0,0.0,1.0,92.31
3472.0,9.416666666666666,113.0,0.04708333333333333,1.0,0,0.0,1.0,89.765
3473.0,9.583333333333334,115.0,0.04791666666666667,1.0,0,0.0,1.0,89.605
3474.0,9.666666666666666,116.0,0.04833333333333333,1.0,0,0.0,1.0,89.5
3475.0,9.833333333333334,118.0,0.049166666666666664,1.0,0,0.0,1.0,90.33
3476.0,10.083333333333334,121.0,0.050416666666666665,1.0,0,0.0,1.0,91.18
3477.0,10.166666666666666,122.0,0.050833333333333335,1.0,0,0.0,1.0,92.05
3478.0,10.166666666666666,122.0,0.050833333333333335,1.0,0,0.0,1.0,92.935
3479.0,10.25,123.0,0.05125,1.0,0,0.0,1.0,93.825
3480.0,10.416666666666666,125.0,0.052083333333333336,1.0,0,0.0,1.0,94.725
3481.0,10.833333333333334,130.0,0.05416666666666667,1.0,0,0.0,1.0,95.645
3482.0,10.916666666666666,131.0,0.05458333333333333,1.0,0,0.0,1.0,96.585
3483.0,10.916666666666666,131.0,0.05458333333333333,1.0,0,0.0,1.0,97.46
3484.0,10.916666666666666,131.0,0.05458333333333333,1.0,0,0.0,1.0,98.415
3485.0,10.916666666666666,131.0,0.05458333333333333,1.0,0,0.0,1.0,99.37
3486.0,10.916666666666666,131.0,0.05458333333333333,1.0,0,0.0,1.0,100.325
3487.0,10.416666666666666,125.0,0.052083333333333336,1.0,0,0.0,1.0,101.105
3488.0,10.583333333333334,127.0,0.05291666666666667,1.0,0,0.0,1.0,101.875
3489.0,10.75,129.0,0.05375,1.0,0,0.0,1.0,102.75
3490.0,10.916666666666666,131.0,0.05458333333333333,1.0,0,0.0,1.0,103.695
3491.0,10.916666666666666,131.0,0.05458333333333333,1.0,0,0.0,1.0,104.65
3492.0,11.083333333333334,133.0,0.05541666666666667,1.0,0,0.0,1.0,105.615
3493.0,11.166666666666666,134.0,0.05583333333333333,1.0,0,0.0,1.0,106.48
3494.0,11.083333333333334,133.0,0.05541666666666667,1.0,0,0.0,1.0,107.345
3495.0,11.083333333333334,133.0,0.05541666666666667,1.0,0,0.0,1.0,108.185
3496.0,11.083333333333334,133.0,0.05541666666666667,1.0,0,0.0,1.0,109.145
3497.0,11.083333333333334,133.0,0.05541666666666667,1.0,0,0.0,1.0,110.105
3498.0,11.083333333333334,133.0,0.05541666666666667,1.0,0,0.0,1.0,111.065
3499.0,11.083333333333334,133.0,0.05541666666666667,1.0,0,0.0,1.0,112.025
3500.0,11.083333333333334,133.0,0.05541666666666667,1.0,0,0.0,1.0,112.985
3501.0,11.083333333333334,133.0,0.05541666666666667,1.0,0,0.0,1.0,113.945
3502.0,11.083333333333334,133.0,0.05541666666666667,1.0,0,0.0,1.0,114.905
3503.0,11.083333333333334,133.0,0.05541666666666667,1.0,0,0.0,1.0,115.865
3504.0,11.083333333333334,133.0,0.05541666666666667,1.0,0,0.0,1.0,116.995
3505.0,11.166666666666666,134.0,0.05583333333333333,1.0,0,0.0,1.0,117.96
3506.0,11.083333333333334,133.0,0.05541666666666667,1.0,0,0.0,1.0,118.745
3507.0,11.083333333333334,133.0,0.05541666666666667,1.0,0,0.0,1.0,119.535
3508.0,10.583333333333334,127.0,0.05291666666666667,1.0,0,0.0,1.0,120.02
3509.0,10.583333333333334,127.0,0.05291666666666667,1.0,0,0.0,1.0,120.49
3510.0,10.583333333333334,127.0,0.05291666666666667,1.0,0,0.0,1.0,121.135
3511.0,10.416666666666666,125.0,0.052083333333333336,1.0,0,0.0,1.0,121.945
3512.0,10.333333333333334,124.0,0.051666666666666666,1.0,0,0.0,1.0,121.25
3513.0,10.25,123.0,0.05125,1.0,0,0.0,1.0,119.03
3514.0,10.166666666666666,122.0,0.050833333333333335,1.0,0,0.0,1.0,115.43
3515.0,10.166666666666666,122.0,0.050833333333333335,1.0,0,0.0,1.0,113.315
3516.0,10.166666666666666,122.0,0.050833333333333335,1.0,0,0.0,1.0,112.7
3517.0,10.416666666666666,125.0,0.052083333333333336,1.0,0,0.0,1.0,112.545
3518.0,10.25,123.0,0.05125,1.0,0,0.0,1.0,112.11
3519.0,10.333333333333334,124.0,0.051666666666666666,1.0,0,0.0,1.0,112.62
3520.0,10.333333333333334,124.0,0.051666666666666666,1.0,0,0.0,1.0,113.485
3521.0,10.333333333333334,124.0,0.051666666666666666,1.0,0,0.0,1.0,114.355
3522.0,10.333333333333334,124.0,0.051666666666666666,1.0,0,0.0,1.0,115.225
3523.0,10.333333333333334,124.0,0.051666666666666666,1.0,0,0.0,1.0,116.095
3524.0,10.333333333333334,124.0,0.051666666666666666,1.0,0,0.0,1.0,116.965
3525.0,10.333333333333334,124.0,0.051666666666666666,1.0,0,0.0,1.0,117.835
3526.0,10.416666666666666,125.0,0.052083333333333336,1.0,0,0.0,1.0,118.71
3527.0,10.5,126.0,0.0525,1.0,0,0.0,1.0,119.595
3528.0,10.5,126.0,0.0525,1.0,0,0.0,1.0,120.49
3529.0,10.666666666666666,128.0,0.05333333333333334,1.0,0,0.0,1.0,121.385
3530.0,10.5,126.0,0.0525,1.0,0,0.0,1.0,122.28
3531.0,10.666666666666666,128.0,0.05333333333333334,1.0,0,0.0,1.0,123.18
3532.0,10.666666666666666,128.0,0.05333333333333334,1.0,0,0.0,1.0,124.085
3533.0,10.666666666666666,128.0,0.05333333333333334,1.0,0,0.0,1.0,124.995
3534.0,10.666666666666666,128.0,0.05333333333333334,1.0,0,0.0,1.0,125.905
3535.0,10.833333333333334,130.0,0.05416666666666667,1.0,0,0.0,1.0,126.82
3536.0,10.833333333333334,130.0,0.05416666666666667,1.0,0,0.0,1.0,127.74
3537.0,10.833333333333334,130.0,0.05416666666666667,1.0,0,0.0,1.0,128.665
3538.0,10.833333333333334,130.0,0.05416666666666667,1.0,0,0.0,1.0,129.59
3539.0,10.833333333333334,130.0,0.05416666666666667,1.0,0,0.0,1.0,130.515
3540.0,10.666666666666666,128.0,0.05333333333333334,1.0,0,0.0,1.0,129.935
3541.0,10.833333333333334,130.0,0.05416666666666667,1.0,0,0.0,1.0,126.455
3542.0,10.5,126.0,0.0525,1.0,0,0.0,1.0,122.925
3543.0,10.333333333333334,124.0,0.051666666666666666,1.0,0,0.0,1.0,119.38
3544.0,10.166666666666666,122.0,0.050833333333333335,1.0,0,0.0,1.0,117.29
3545.0,9.833333333333334,118.0,0.049166666666666664,1.0,0,0.0,1.0,113.685
3546.0,9.333333333333334,112.0,0.04666666666666667,1.0,0,0.0,1.0,107.64
3547.0,8.833333333333334,106.0,0.04416666666666667,1.0,0,0.0,1.0,101.535
3548.0,8.666666666666666,104.0,0.043333333333333335,1.0,0,0.0,1.0,93.925
3549.0,8.666666666666666,104.0,0.043333333333333335,1.0,0,0.0,1.0,89.18
3550.0,8.666666666666666,104.0,0.043333333333333335,1.0,0,0.0,1.0,87.82
3551.0,8.833333333333334,106.0,0.04416666666666667,1.0,0,0.0,1.0,87.355
3552.0,9.166666666666666,110.0,0.04583333333333333,1.0,0,0.0,1.0,87.205
3553.0,9.333333333333334,112.0,0.04666666666666667,1.0,0,0.0,1.0,86.385
3554.0,9.666666666666666,116.0,0.04833333333333333,1.0,0,0.0,1.0,87.095
3555.0,9.833333333333334,118.0,0.049166666666666664,1.0,0,0.0,1.0,87.815
3556.0,9.833333333333334,118.0,0.049166666666666664,1.0,0,0.0,1.0,87.16
3557.0,10.0,120.0,0.05,1.0,0,0.0,1.0,85.02
3558.0,9.833333333333334,118.0,0.049166666666666664,1.0,0,0.0,1.0,82.895
3559.0,9.833333333333334,118.0,0.049166666666666664,1.0,0,0.0,1.0,79.285
3560.0,9.666666666666666,116.0,0.04833333333333333,1.0,0,0.0,1.0,75.68
3561.0,9.5,114.0,0.0475,1.0,0,0.0,1.0,72.855
3562.0,9.666666666666666,116.0,0.04833333333333333,1.0,0,0.0,1.0,71.51
3563.0,9.666666666666666,116.0,0.04833333333333333,1.0,0,0.0,1.0,71.645
3564.0,10.0,120.0,0.05,1.0,0,0.0,1.0,72.495
3565.0,10.333333333333334,124.0,0.051666666666666666,1.0,0,0.0,1.0,73.35
3566.0,10.333333333333334,124.0,0.051666666666666666,1.0,0,0.0,1.0,73.64
3567.0,10.333333333333334,124.0,0.051666666666666666,1.0,0,0.0,1.0,74.515
3568.0,10.5,126.0,0.0525,1.0,0,0.0,1.0,75.405
3569.0,10.5,126.0,0.0525,1.0,0,0.0,1.0,76.3
3570.0,10.5,126.0,0.0525,1.0,0,0.0,1.0,77.225
3571.0,10.5,126.0,0.0525,1.0,0,0.0,1.0,78.745
3572.0,10.5,126.0,0.0525,1.0,0,0.0,1.0,79.655
3573.0,10.5,126.0,0.0525,1.0,0,0.0,1.0,80.565
3574.0,10.5,126.0,0.0525,1.0,0,0.0,1.0,81.475
3575.0,10.5,126.0,0.0525,1.0,0,0.0,1.0,82.385
3576.0,10.416666666666666,125.0,0.052083333333333336,1.0,0,0.0,1.0,81.79
3577.0,10.25,123.0,0.05125,1.0,0,0.0,1.0,78.97
3578.0,10.083333333333334,121.0,0.050416666666666665,1.0,0,0.0,1.0,75.785
3579.0,10.0,120.0,0.05,1.0,0,0.0,1.0,73.88
3580.0,10.0,120.0,0.05,1.0,0,0.0,1.0,73.605
3581.0,10.0,120.0,0.05,1.0,0,0.0,1.0,75.105
3582.0,10.0,120.0,0.05,1.0,0,0.0,1.0,76.04
3583.0,10.0,120.0,0.05,1.0,0,0.0,1.0,78.23
3584.0,10.0,120.0,0.05,1.0,0,0.0,1.0,80.205
3585.0,10.0,120.0,0.05,1.0,0,0.0,1.0,81.625
3586.0,10.0,120.0,0.05,1.0,0,0.0,1.0,82.49
3587.0,10.0,120.0,0.05,1.0,0,0.0,1.0,83.355
3588.0,10.0,120.0,0.05,1.0,0,0.0,1.0,84.22
3589.0,10.25,123.0,0.05125,1.0,0,0.0,1.0,84.51
3590.0,10.083333333333334,121.0,0.050416666666666665,1.0,0,0.0,1.0,84.78
3591.0,9.916666666666666,119.0,0.04958333333333333,1.0,0,0.0,1.0,84.685
3592.0,9.916666666666666,119.0,0.04958333333333333,1.0,0,0.0,1.0,85.17
3593.0,9.916666666666666,119.0,0.04958333333333333,1.0,0,0.0,1.0,85.65
3594.0,9.916666666666666,119.0,0.04958333333333333,1.0,0,0.0,1.0,86.5
3595.0,9.916666666666666,119.0,0.04958333333333333,1.0,0,0.0,1.0,87.35
3596.0,9.916666666666666,119.0,0.04958333333333333,1.0,0,0.0,1.0,88.2
3597.0,9.916666666666666,119.0,0.04958333333333333,1.0,0,0.0,1.0,89.05
3598.0,10.083333333333334,121.0,0.050416666666666665,1.0,0,0.0,1.0,89.905
3599.0,10.083333333333334,121.0,0.050416666666666665,1.0,0,0.0,1.0,90.765
3600.0,10.25,123.0,0.05125,1.0,0,0.0,1.0,91.635
